time_s,iters,rps,mbps,p50_us,p95_us,p99_us,cpu_pct,rss_mb,errors
10,3633814,362912,11341,44.15,59.5,68.5,0,5,0
20,7287813,365338,11416.8,43.95,59.5,67.5,416.25,5,0
30,11006952,371599,11612.5,43.75,59.5,66.5,475.819,5,0
40,14729479,371690,11615.3,43.75,58.5,66.5,450.702,5,0
50,18455780,372191,11631,43.65,58.5,66.5,454.134,5,0
60,22115210,365814,11431.7,43.65,58.5,66.5,405.156,5,0
70,25770532,364978,11405.6,43.75,58.5,66.5,399.22,5,0
80,29428151,365172,11411.6,43.75,59.5,66.5,397.192,5,0
90,33091496,365754,11429.8,43.75,59.5,66.5,401.872,5,0
100,36756012,365870,11433.4,43.75,59.5,66.5,404.524,5,0
110,40417839,365618,11425.6,43.85,59.5,66.5,402.34,5,0
120,44080122,365671,11427.2,43.85,59.5,66.5,403.9,5,0
130,47746900,366098,11440.6,43.85,59.5,66.5,414.665,5,0
140,51420836,366833,11463.5,43.85,59.5,66.5,391.108,5,0
150,55089533,366267,11445.8,43.85,59.5,66.5,402.808,5,0
160,58751239,365621,11425.7,43.85,59.5,66.5,399.376,5,0
170,62419126,366193,11443.5,43.85,59.5,66.5,402.184,5,0
180,66084730,366004,11437.6,43.85,59.5,66.5,404.836,5,0
190,69749141,365890,11434.1,43.85,59.5,66.5,413.885,5,0
200,73413840,365889,11434,43.85,59.5,66.5,401.248,5,0
210,77075613,365589,11424.7,43.85,59.5,66.5,412.324,5,0
220,80731464,365030,11407.2,43.85,59.5,66.5,398.752,5,0
230,84389710,365239,11413.7,43.85,59.5,66.5,406.552,5,0
240,88052041,365650,11426.6,43.85,59.5,66.5,407.176,5,0
250,91713219,365565,11423.9,43.85,59.5,66.5,397.66,5,0
260,95369826,365089,11409,43.85,59.5,66.5,401.716,5,0
270,99029458,365383,11418.2,43.85,59.5,66.5,405.928,5,0
280,102699936,366490,11452.8,43.85,59.5,66.5,405.304,5,0
290,106368603,366290,11446.6,43.85,59.5,66.5,395.008,5,0
300,110034431,365996,11437.4,43.85,59.5,66.5,407.8,5,0
310,113698064,365800,11431.2,43.85,59.5,66.5,403.432,5,0
320,117368014,366440,11451.3,43.85,59.5,66.5,400.78,5,0
330,121035274,366139,11441.8,43.85,59.5,66.5,402.496,5,0
340,124706737,366583,11455.7,43.85,59.5,66.5,405.772,5,0
350,128373483,366092,11440.4,43.85,59.5,66.5,404.836,5,0
360,132042262,366328,11447.7,43.85,59.5,66.5,413.573,5,0
370,135713505,366516,11453.6,43.85,59.5,66.5,402.184,5,0
380,139383376,366854,11464.2,43.85,59.5,66.5,400.469,5,0
390,143104484,371892,11621.6,43.85,59.5,66.5,478.159,5,0
400,146849151,374179,11693.1,43.85,59.5,66.5,479.687,5,0
410,150608280,375546,11735.8,43.85,59.5,66.5,481.279,5,0
420,154342390,373327,11666.5,43.85,59.5,66.5,478.281,5,0
430,158073807,373068,11658.4,43.75,59.5,66.5,485.469,5,0
440,161806703,372712,11647.3,43.75,59.5,66.5,475.195,5,0
450,165538859,372819,11650.6,43.75,59.5,66.5,471.607,5,0
460,169258085,371636,11613.6,43.75,59.5,66.5,473.438,5,0
470,172915342,365598,11424.9,43.75,59.5,66.5,410.781,5,0
480,176578263,365971,11436.6,43.75,59.5,66.5,410.14,5,0
490,180246547,366227,11444.6,43.75,59.5,66.5,401.716,5,0
500,183911612,366451,11451.6,43.75,59.5,66.5,400.938,5,0
510,187586021,367168,11474,43.75,59.5,66.5,400,5,0
520,191292918,370365,11573.9,43.75,59.5,66.5,404.844,5,0
530,195002955,370719,11585,43.75,59.5,66.5,409.36,5,0
540,198701621,369766,11555.2,43.75,59.5,66.5,429.844,5,0
550,202366648,366038,11438.7,43.75,59.5,66.5,403.432,5,0
560,206024936,365611,11425.3,43.75,59.5,66.5,410,5,0
570,209688568,365796,11431.1,43.75,59.5,66.5,403.9,5,0
580,213354068,365978,11436.8,43.75,59.5,66.5,407.956,5,0
590,217014686,365806,11431.4,43.75,59.5,66.5,401.563,5,0
600,220672166,365438,11419.9,43.75,59.5,66.5,404.368,5,0
610,224359082,368500,11515.6,43.75,59.5,66.5,410.625,5,0
620,228068317,370473,11577.3,43.75,59.5,66.5,407.02,5,0
630,231773832,370260,11570.6,43.75,59.5,66.5,417.161,5,0
640,235491167,371245,11601.4,43.75,59.5,66.5,447.031,5,0
650,239214352,372000,11625,43.75,59.5,66.5,467.083,5,0
660,242938200,371849,11620.3,43.75,59.5,66.5,465.367,5,0
670,246668580,372592,11643.5,43.75,59.5,66.5,465.679,5,0
680,250400627,372605,11643.9,43.75,58.5,66.5,455.694,5,0
690,254129567,372314,11634.8,43.75,58.5,66.5,457.722,5,0
700,257871957,373861,11683.1,43.75,58.5,66.5,475,5,0
710,261614812,374128,11691.5,43.75,58.5,66.5,474.103,5,0
720,265361935,374392,11699.8,43.65,58.5,66.5,469.688,5,0
730,269101047,373448,11670.2,43.65,58.5,66.5,462.402,5,0
740,272772121,366535,11454.2,43.65,58.5,66.5,409.828,5,0
750,276428470,365320,11416.3,43.65,58.5,66.5,403.588,5,0
760,280149842,371729,11616.5,43.65,58.5,66.5,461.562,5,0
770,283888194,373380,11668.1,43.65,58.5,66.5,467.239,5,0
780,287622931,372915,11653.6,43.65,58.5,66.5,468.799,5,0
790,291363179,373433,11669.8,43.65,58.5,66.5,472.699,5,0
800,295104144,373503,11672,43.65,58.5,66.5,474.883,5,0
810,298850142,374035,11688.6,43.65,58.5,66.5,475.975,5,0
820,302593186,373944,11685.7,43.65,58.5,66.5,466.303,5,0
830,306330221,373485,11671.4,43.65,58.5,66.5,465.312,5,0
840,310055471,372474,11639.8,43.65,58.5,66.5,477.031,5,0
851,313778521,371827,11619.6,43.65,58.5,66.5,476.599,5,0
861,317499692,372046,11626.4,43.65,58.5,65.5,482.344,5,0
871,321224753,371932,11622.9,43.65,58.5,65.5,480.187,5,0
881,324945149,371460,11608.1,43.65,58.5,65.5,488.612,5,0
891,328672697,372157,11629.9,43.65,58.5,65.5,475.195,5,0
901,332399777,372124,11628.9,43.65,58.5,65.5,463.339,5,0
911,336124110,371875,11621.1,43.65,58.5,65.5,484.867,5,0
921,339848826,371869,11620.9,43.65,58.5,65.5,469.267,5,0
931,343567925,371565,11611.4,43.65,58.5,65.5,480.811,5,0
941,347293330,372117,11628.7,43.65,58.5,65.5,492.656,5,0
951,351018114,372093,11627.9,43.65,58.5,65.5,479.563,5,0
961,354757094,373300,11665.6,43.65,58.5,65.5,464.743,5,0
971,358503271,374033,11688.5,43.65,58.5,65.5,459.126,5,0
981,362246833,373794,11681,43.65,58.5,65.5,458.814,5,0
991,365988827,373621,11675.7,43.65,58.5,65.5,459.906,5,0
1001,369732160,373759,11680,43.65,58.5,65.5,465.055,5,0
1011,373481348,374311,11697.2,43.65,58.5,65.5,460.53,5,0
1021,377223537,373655,11676.7,43.65,58.5,65.5,465.211,5,0
1031,380953016,372365,11636.4,43.65,58.5,65.5,458.034,5,0
1041,384679215,372177,11630.5,43.65,58.5,65.5,464.743,5,0
1051,388408344,372745,11648.3,43.65,58.5,65.5,452.656,5,0
1061,392142546,372857,11651.8,43.65,58.5,65.5,465.991,5,0
1071,395877024,372868,11652.1,43.65,58.5,65.5,460.53,5,0
1081,399605260,372243,11632.6,43.65,58.5,65.5,469.735,5,0
1091,403336203,372486,11640.2,43.65,58.5,65.5,475.975,5,0
1101,407060598,371869,11620.9,43.65,58.5,65.5,460.062,5,0
1111,410788183,372302,11634.5,43.65,58.5,65.5,460.218,5,0
1121,414511499,372213,11631.7,43.65,58.5,65.5,463.75,5,0
1131,418235742,372240,11632.5,43.65,58.5,65.5,466.25,5,0
1141,421966108,372651,11645.3,43.65,58.5,65.5,466.615,5,0
1151,425696918,372505,11640.8,43.65,58.5,65.5,468.487,5,0
1161,429429203,372612,11644.1,43.55,58.5,65.5,467.395,5,0
1171,433156733,372173,11630.4,43.55,58.5,65.5,463.339,5,0
1181,436882405,372009,11625.3,43.55,58.5,65.5,467.707,5,0
1191,440610724,372255,11633,43.55,58.5,65.5,466.459,5,0
1201,444335006,371828,11619.6,43.55,58.5,65.5,468.643,5,0
1211,448062628,372170,11630.3,43.55,58.5,65.5,468.955,5,0
1221,451792620,372494,11640.4,43.55,58.5,65.5,466.615,5,0
1231,455511076,371515,11609.8,43.55,58.5,65.5,475.469,5,0
1241,459242760,372841,11651.3,43.55,58.5,65.5,459.594,5,0
1251,462973387,372486,11640.2,43.55,58.5,65.5,469.891,5,0
1261,466702264,372353,11636,43.55,58.5,65.5,463.183,5,0
1271,470434627,372603,11643.8,43.55,58.5,65.5,462.246,5,0
1281,474165121,372482,11640.1,43.55,58.5,65.5,461.154,5,0
1291,477894097,372323,11635.1,43.55,58.5,65.5,465.367,5,0
1301,481627445,372759,11648.7,43.55,58.5,65.5,471.919,5,0
1311,485356246,372615,11644.2,43.55,58.5,65.5,471.875,5,0
1321,489082921,372271,11633.5,43.55,58.5,65.5,453.666,5,0
1331,492814201,372602,11643.8,43.55,58.5,65.5,465.991,5,0
1341,496543560,372423,11638.2,43.55,58.5,65.5,464.431,5,0
1351,500273073,372881,11652.5,43.55,58.5,65.5,463.125,5,0
1361,504006544,372791,11649.7,43.55,58.5,65.5,463.963,5,0
1371,507740196,372784,11649.5,43.55,58.5,65.5,458.19,5,0
1381,511470107,372693,11646.7,43.55,58.5,65.5,470.469,5,0
1391,515199917,372695,11646.7,43.55,58.5,65.5,461.622,5,0
1401,518936334,373040,11657.5,43.55,58.5,65.5,461.466,5,0
1411,522667869,372718,11647.5,43.55,58.5,65.5,461.31,5,0
1421,526396203,372707,11647.1,43.55,58.5,65.5,457.344,5,0
1431,530135221,373290,11665.3,43.55,58.5,65.5,457.566,5,0
1441,533870332,372944,11654.5,43.55,58.5,65.5,464.275,5,0
1451,537604370,372821,11650.6,43.55,58.5,65.5,459.75,5,0
1461,541337688,372738,11648.1,43.55,58.5,65.5,463.495,5,0
1471,545064597,372180,11630.6,43.55,58.5,65.5,458.97,5,0
1481,548797396,372746,11648.3,43.55,58.5,65.5,466.303,5,0
1491,552534191,373235,11663.6,43.55,58.5,65.5,466.333,5,0
1501,556266200,372762,11648.8,43.55,58.5,65.5,466.532,5,0
1511,559996424,372626,11644.6,43.55,58.5,65.5,458.346,5,0
1521,563730338,372807,11650.2,43.55,58.5,65.5,459.594,5,0
1531,567462497,372618,11644.3,43.55,58.5,65.5,469.111,5,0
1541,571200285,373203,11662.6,43.55,58.5,65.5,460.374,5,0
1551,574931840,372596,11643.6,43.55,58.5,65.5,455.07,5,0
1561,578663222,372546,11642.1,43.55,58.5,65.5,462.559,5,0
1571,582399329,373040,11657.5,43.55,58.5,65.5,472.075,5,0
1581,586134424,372911,11653.5,43.55,58.5,65.5,474.103,5,0
1591,589870792,373051,11657.8,43.55,58.5,65.5,468.955,5,0
1601,593607165,373349,11667.2,43.55,58.5,65.5,463.125,5,0
1612,597338811,372893,11652.9,43.55,58.5,65.5,464.275,5,0
1622,601075076,373011,11656.6,43.55,58.5,65.5,468.799,5,0
1632,604806803,372605,11643.9,43.55,58.5,65.5,455.382,5,0
1642,608536420,372373,11636.7,43.55,58.5,65.5,468.955,5,0
1652,612272395,373023,11657,43.55,58.5,65.5,463.495,5,0
1662,616006858,372869,11652.1,43.55,58.5,65.5,446.646,5,0
1672,619745567,373291,11665.3,43.55,58.5,65.5,460.53,5,0
1682,623487969,373072,11658.5,43.55,58.5,65.5,460.748,5,0
1692,627223155,372933,11654.2,43.55,58.5,65.5,462.402,5,0
1702,630962868,373390,11668.5,43.55,58.5,65.5,460.998,5,0
1712,634700143,373129,11660.3,43.55,58.5,65.5,462.402,5,0
1722,638439298,373327,11666.5,43.55,58.5,65.5,455.694,5,0
1732,642176519,373159,11661.2,43.55,58.5,65.5,462.09,5,0
1742,645913919,373161,11661.3,43.55,58.5,65.5,460.062,5,0
1752,649643160,372326,11635.2,43.55,58.5,65.5,465.523,5,0
1762,653374813,372581,11643.1,43.55,58.5,65.5,455.538,5,0
1772,657108090,372774,11649.2,43.55,58.5,65.5,476.443,5,0
1782,660855361,374107,11690.8,43.55,58.5,65.5,468.331,5,0
1792,664604596,374356,11698.6,43.55,58.5,65.5,472.855,5,0
1802,668346890,373676,11677.4,43.55,58.5,65.5,464.275,5,0
1812,672095418,374228,11694.6,43.55,58.5,65.5,477.379,5,0
1822,675840775,373945,11685.8,43.55,58.5,65.5,458.97,5,0
1832,679582418,373584,11674.5,43.55,58.5,65.5,468.799,5,0
1842,683328448,374018,11688.1,43.55,58.5,65.5,481.123,5,0
1852,687073357,373914,11684.8,43.55,58.5,65.5,473.011,5,0
1862,690815312,373614,11675.4,43.55,58.5,65.5,466.771,5,0
1872,694559523,373835,11682.3,43.55,58.5,65.5,475.663,5,0
1882,698314415,374916,11716.1,43.55,58.5,65.5,464.899,5,0
1892,702058284,373809,11681.5,43.55,58.5,65.5,466.615,5,0
1902,705793832,372942,11654.4,43.55,58.5,65.5,462.559,5,0
1912,709529021,372965,11655.2,43.55,58.5,65.5,456.786,5,0
1922,713260340,372542,11641.9,43.55,58.5,65.5,466.303,5,0
1932,716996029,372992,11656,43.55,58.5,65.5,464.119,5,0
1942,720730214,372855,11651.7,43.55,58.5,65.5,469.579,5,0
1952,724461986,372553,11642.3,43.55,58.5,65.5,461.622,5,0
1962,728196831,372908,11653.4,43.55,58.5,65.5,470.983,5,0
1972,731931002,372861,11651.9,43.55,58.5,65.5,466.147,5,0
1982,735662877,372603,11643.8,43.55,58.5,65.5,453.822,5,0
1992,739395822,372698,11646.8,43.55,58.5,65.5,461.934,5,0
2002,743127525,372599,11643.7,43.55,58.5,65.5,466.927,5,0
2012,746864852,372561,11642.5,43.55,58.5,65.5,470.249,5,0
2022,750597814,372719,11647.5,43.55,58.5,65.5,465.367,5,0
2032,754329265,372559,11642.5,43.55,58.5,65.5,461.934,5,0
2042,758060169,372494,11640.4,43.55,58.5,65.5,465.835,5,0
2052,761791100,372529,11641.5,43.55,58.5,65.5,460.374,5,0
2062,765529951,372715,11647.4,43.55,58.5,65.5,452.336,5,0
2072,769262241,372630,11644.7,43.55,58.5,65.5,458.814,5,0
2082,772995621,372756,11648.6,43.55,58.5,65.5,466.927,5,0
2092,776732574,373182,11661.9,43.55,58.5,65.5,457.722,5,0
2102,780457880,372474,11639.8,43.55,58.5,65.5,455.469,5,0
2112,784187170,372358,11636.2,43.55,58.5,65.5,460.53,5,0
2122,787922331,372920,11653.7,43.55,58.5,65.5,473.323,5,0
2132,791651696,372366,11636.4,43.55,58.5,65.5,468.955,5,0
2142,795385873,372837,11651.1,43.55,58.5,65.5,465.367,5,0
2152,799122104,373030,11657.2,43.55,58.5,65.5,472.231,5,0
2162,802859349,373126,11660.2,43.55,58.5,65.5,463.651,5,0
2172,806594679,372958,11654.9,43.55,58.5,65.5,462.246,5,0
2182,810330238,372977,11655.5,43.55,58.5,65.5,475.195,5,0
2192,814060637,372461,11639.4,43.55,58.5,65.5,468.019,5,0
2202,817793771,372740,11648.1,43.55,58.5,65.5,469.735,5,0
2212,821526286,372651,11645.3,43.55,58.5,65.5,466.147,5,0
2222,825259368,372743,11648.2,43.55,58.5,65.5,466.147,5,0
2233,828990010,372505,11640.8,43.55,58.5,65.5,463.183,5,0
2243,832719656,372360,11636.2,43.55,58.5,65.5,473.635,5,0
2253,836454720,372910,11653.4,43.55,58.5,65.5,457.878,5,0
2263,840190053,372956,11654.9,43.55,58.5,65.5,461.31,5,0
2273,843922245,372651,11645.3,43.55,58.5,65.5,463.651,5,0
2283,847651653,372358,11636.2,43.55,58.5,65.5,477.847,5,0
2293,851383274,372559,11642.5,43.55,58.5,65.5,467.707,5,0
2303,855116225,372770,11649.1,43.55,58.5,65.5,450.858,5,0
2313,858851339,373446,11670.2,43.55,58.5,65.5,468.281,5,0
2323,862589756,373329,11666.5,43.55,58.5,65.5,461.778,5,0
2333,866320622,373022,11656.9,43.55,58.5,65.5,454.844,5,0
2343,870058471,373250,11664.1,43.55,58.5,65.5,465.367,5,0
2353,873801065,373651,11676.6,43.55,58.5,65.5,462.09,5,0
2363,877540944,373396,11668.6,43.55,58.5,65.5,472.231,5,0
2373,881276015,372922,11653.8,43.55,58.5,65.5,467.083,5,0
2383,885014285,373230,11663.4,43.55,58.5,65.5,465.055,5,0
2393,888752179,373203,11662.6,43.55,58.5,65.5,474.883,5,0
2403,892490864,373301,11665.7,43.55,58.5,65.5,461.31,5,0
2413,896230272,373379,11668.1,43.55,58.5,65.5,470.203,5,0
2423,899971591,373511,11672.2,43.55,58.5,65.5,463.807,5,0
2433,903698508,372103,11628.2,43.55,58.5,65.5,470.827,5,0
2443,907435907,373184,11662,43.55,58.5,65.5,462.715,5,0
2453,911174584,373280,11665,43.55,58.5,65.5,457.254,5,0
2463,914915999,373547,11673.3,43.55,58.5,65.5,461.466,5,0
2473,918656751,373485,11671.4,43.55,58.5,65.5,464.743,5,0
2483,922396976,373434,11669.8,43.55,58.5,65.5,466.615,5,0
2493,926143419,374085,11690.2,43.55,58.5,65.5,458.814,5,0
2503,929887414,373823,11682,43.55,58.5,65.5,456.942,5,0
2513,933631156,373765,11680.2,43.45,58.5,65.5,475.039,5,0
2523,937376308,373937,11685.5,43.45,58.5,65.5,465.367,5,0
2533,941118327,373619,11675.6,43.45,58.5,65.5,460.218,5,0
2543,944858466,373422,11669.4,43.45,58.5,65.5,461.31,5,0
2553,948599296,373496,11671.7,43.45,58.5,65.5,460.218,5,0
2563,952345039,374013,11687.9,43.45,58.5,65.5,455.694,5,0
2573,956088432,373763,11680.1,43.45,58.5,65.5,457.098,5,0
2583,959834089,373963,11686.3,43.45,58.5,65.5,470.827,5,0
2593,963578528,373881,11683.8,43.45,58.5,65.5,461.934,5,0
2603,967324438,374008,11687.7,43.45,58.5,65.5,463.651,5,0
2613,971075642,374529,11704,43.45,58.5,65.5,459.75,5,0
2623,974819526,373813,11681.6,43.45,58.5,65.5,476.443,5,0
2633,978567556,374209,11694,43.45,58.5,65.5,472.543,5,0
2643,982313254,373973,11686.6,43.45,58.5,65.5,471.451,5,0
2653,986062610,374370,11699,43.45,58.5,65.5,464.275,5,0
2663,989807372,373859,11683.1,43.45,58.5,65.5,457.878,5,0
2673,993549998,373684,11677.6,43.45,58.5,65.5,460.998,5,0
2683,997294690,373908,11684.6,43.45,58.5,65.5,465.835,5,0
2693,1001043601,374293,11696.6,43.45,58.5,65.5,453.978,5,0
2703,1004786756,373723,11678.8,43.45,58.5,65.5,466.147,5,0
2713,1008519891,372754,11648.6,43.45,58.5,65.5,471.295,5,0
2723,1012249990,372422,11638.2,43.45,58.5,65.5,472.075,5,0
2733,1015980636,372473,11639.8,43.45,58.5,65.5,461.31,5,0
2743,1019709237,372299,11634.3,43.45,58.5,65.5,458.658,5,0
2753,1023439956,372455,11639.2,43.45,58.5,65.5,468.175,5,0
2763,1027170060,372463,11639.5,43.45,58.5,65.5,444.93,5,0
2773,1030912301,373605,11675.2,43.45,58.5,65.5,461.466,5,0
2783,1034653697,373576,11674.2,43.45,58.5,65.5,460.53,5,0
2793,1038395888,373622,11675.7,43.45,58.5,65.5,463.183,5,0
2803,1042140934,373936,11685.5,43.45,58.5,65.5,466.303,5,0
2813,1045882560,373594,11674.8,43.45,58.5,65.5,469.735,5,0
2823,1049626257,373751,11679.7,43.45,58.5,65.5,467.395,5,0
2833,1053373661,374182,11693.2,43.45,58.5,65.5,462.402,5,0
2843,1057121003,374145,11692,43.45,58.5,65.5,461.154,5,0
2853,1060863965,373687,11677.7,43.45,58.5,65.5,456.474,5,0
2863,1064603500,373371,11667.9,43.45,58.5,65.5,455.538,5,0
2873,1068346363,373718,11678.7,43.45,58.5,65.5,468.175,5,0
2883,1072075698,372356,11636.1,43.45,58.5,65.5,471.295,5,0
2894,1075802348,372069,11627.2,43.45,58.5,65.5,472.075,5,0
2904,1079531356,372364,11636.4,43.45,58.5,65.5,479.875,5,0
2914,1083259084,372163,11630.1,43.45,58.5,65.5,475.819,5,0
2924,1086984633,371979,11624.3,43.45,58.5,65.5,464.587,5,0
2934,1090711747,372118,11628.7,43.45,58.5,65.5,463.651,5,0
2944,1094432668,371531,11610.3,43.45,58.5,65.5,472.387,5,0
2954,1098159370,372079,11627.5,43.45,58.5,65.5,473.947,5,0
2964,1101879530,371430,11607.2,43.45,58.5,65.5,473.635,5,0
2974,1105599531,371435,11607.3,43.45,58.5,65.5,478.627,5,0
2984,1109329408,372380,11636.9,43.45,58.5,65.5,475.819,5,0
2994,1113056678,372137,11629.3,43.45,58.5,65.5,468.955,5,0
3004,1116786681,372435,11638.6,43.45,58.5,65.5,469.423,5,0
3014,1120516511,372396,11637.4,43.45,58.5,65.5,461.934,5,0
3024,1124241514,371943,11623.2,43.45,58.5,65.5,469.735,5,0
3034,1127970597,372317,11634.9,43.45,58.5,65.5,463.807,5,0
3044,1131704780,372833,11651,43.45,58.5,65.5,461.31,5,0
3054,1135435033,372431,11638.5,43.45,58.5,65.5,474.727,5,0
3064,1139169380,372848,11651.5,43.45,58.5,65.5,469.891,5,0
3074,1142898722,372369,11636.5,43.45,58.5,65.5,474.415,5,0
3084,1146627390,372293,11634.1,43.45,58.5,65.5,459.75,5,0
3094,1150361215,372836,11651.1,43.45,58.5,65.5,474.883,5,0
3104,1154094414,372692,11646.6,43.45,58.5,65.5,463.183,5,0
3114,1157822946,372312,11634.8,43.45,58.5,65.5,453.666,5,0
3124,1161550083,372658,11645.6,43.45,58.5,65.5,472.031,5,0
3134,1165285547,373005,11656.4,43.45,58.5,65.5,467.863,5,0
3144,1169021861,372999,11656.2,43.45,58.5,65.5,467.551,5,0
3154,1172754833,372737,11648,43.45,58.5,65.5,468.487,5,0
3164,1176491630,373097,11659.3,43.45,58.5,65.5,478.783,5,0
3174,1180226006,372838,11651.2,43.45,58.5,65.5,468.955,5,0
3184,1183959779,372817,11650.5,43.45,58.5,65.5,462.871,5,0
3194,1187695913,373024,11657,43.45,58.5,65.5,461.31,5,0
3204,1191430831,372902,11653.2,43.45,58.5,65.5,455.85,5,0
3214,1195164450,372780,11649.4,43.45,58.5,65.5,458.19,5,0
3224,1198894028,372387,11637.1,43.45,58.5,65.5,476.131,5,0
3234,1202624391,372462,11639.4,43.45,58.5,65.5,460.374,5,0
3244,1206359287,372884,11652.6,43.45,58.5,65.5,467.551,5,0
3254,1210095745,373091,11659.1,43.45,58.5,65.5,464.119,5,0
3264,1213827540,372573,11642.9,43.45,58.5,65.5,458.346,5,0
3274,1217546772,371365,11605.2,43.45,58.5,65.5,470.359,5,0
3284,1221271064,371835,11619.9,43.45,58.5,65.5,470.827,5,0
3294,1224998357,372130,11629.1,43.45,58.5,65.5,487.051,5,0
3304,1228727930,372405,11637.7,43.45,58.5,65.5,463.651,5,0
3314,1232456252,372235,11632.4,43.45,58.5,65.5,464.119,5,0
3324,1236182124,372056,11626.8,43.45,58.5,65.5,459.75,5,0
3334,1239906052,371782,11618.2,43.45,58.5,65.5,481.279,5,0
3344,1243633418,372678,11646.2,43.45,58.5,65.5,470.156,5,0
3354,1247363692,372492,11640.4,43.45,58.5,65.5,460.998,5,0
3364,1251094370,372495,11640.5,43.45,58.5,65.5,466.147,5,0
3374,1254823537,372321,11635,43.45,58.5,65.5,468.799,5,0
3384,1258558093,372868,11652.1,43.45,58.5,65.5,476.755,5,0
3394,1262288592,372690,11646.6,43.45,58.5,65.5,472.855,5,0
3404,1265983373,369249,11539,43.45,58.5,65.5,408.594,5,0
3414,1269646523,365767,11430.2,43.45,58.5,65.5,400.624,5,0
3424,1273328905,367640,11488.8,43.45,58.5,65.5,411.856,5,0
3434,1277400960,406596,12706.1,43.45,58.5,65.5,454.602,5,0
3444,1281300829,389725,12178.9,43.45,58.5,65.5,370,5,0
3454,1285212296,390805,12212.7,43.45,58.5,65.5,383.463,5,0
3464,1289240209,402672,12583.5,43.45,58.5,65.5,429.375,5,0
3474,1293359562,411410,12856.6,43.45,58.5,65.5,464.275,5,0
3484,1297520251,415420,12981.9,43.35,58.5,65.5,460.092,5,0
3494,1301687187,416064,13002,43.35,58.5,65.5,458.317,5,0
3504,1305824013,413014,12906.7,43.35,58.5,65.5,453.822,5,0
3514,1309979567,414871,12964.7,43.35,58.5,65.5,457.41,5,0
3524,1314123639,414243,12945.1,43.35,58.5,65.5,462.812,5,0
3534,1318260013,413334,12916.7,43.25,58.5,65.5,465.523,5,0
3544,1322421194,415949,12998.4,43.25,58.5,65.5,470.156,5,0
3554,1326564943,414041,12938.8,43.25,58.5,65.5,463.807,5,0
3564,1330683746,411430,12857.2,43.25,58.5,65.5,474.375,5,0
3574,1334779451,409101,12784.4,43.25,58.5,65.5,458.034,5,0
3584,1338844792,405862,12683.2,43.15,58.5,65.5,438.066,5,0
3594,1342757815,390709,12209.6,43.15,58.5,65.5,354.134,5,0
3604,1346675663,391170,12224.1,43.15,58.5,65.5,348.05,5,0
3615,1350594753,391302,12228.2,43.15,58.5,65.5,360.374,5,0
3625,1354671770,407047,12720.2,43.15,58.5,65.5,429.173,5,0
3635,1358843926,416569,13017.8,43.15,58.5,65.5,460.53,5,0
3645,1362753984,390396,12199.9,43.15,58.5,65.5,359.126,5,0
3655,1366665120,390485,12202.6,43.15,58.5,65.5,354.446,5,0
3665,1370577147,390594,12206.1,43.15,58.5,65.5,355.07,5,0
3675,1374485144,390144,12192,43.15,58.5,65.5,369.267,5,0
3685,1378400174,390960,12217.5,43.05,58.5,65.5,359.594,5,0
3695,1382307523,390100,12190.6,43.05,58.5,65.5,356.162,5,0
3705,1386228533,391571,12236.6,43.05,58.5,65.5,373.167,5,0
3715,1390325288,409481,12796.3,43.05,58.5,65.5,456.719,5,0
3725,1394414170,408640,12770,43.05,58.5,65.5,459.75,5,0
3735,1398555637,413853,12932.9,43.05,58.5,65.5,468.438,5,0
3745,1402692610,413202,12912.5,43.05,58.5,65.5,467.395,5,0
3755,1406868792,417512,13047.2,42.95,58.5,65.5,470.156,5,0
3765,1411045537,417014,13031.7,42.95,58.5,65.5,466.615,5,0
3775,1415188598,413701,12928.2,42.95,58.5,65.5,467.395,5,0
3785,1419320387,412681,12896.3,42.95,58.5,65.5,472.855,5,0
3795,1423472883,414876,12964.9,42.95,58.5,65.5,465.469,5,0
3805,1427583422,410713,12834.8,42.95,58.5,65.5,453.978,5,0
3815,1431701252,411669,12864.7,42.85,58.5,65.5,456.719,5,0
3825,1435860467,415292,12977.9,42.85,58.5,65.5,461.31,5,0
3835,1440003564,413640,12926.2,42.85,58.5,65.5,465.523,5,0
3845,1444174830,416497,13015.5,42.85,58.5,65.5,458.658,5,0
3855,1448316340,413481,12921.3,42.85,58.5,65.5,476.443,5,0
3865,1452444022,412472,12889.7,42.75,58.5,65.5,467.969,5,0
3875,1456617198,416977,13030.5,42.75,58.5,65.5,463.339,5,0
3885,1460818964,419531,13110.3,42.75,58.5,65.5,457.098,5,0
3895,1464827565,400620,12519.4,42.75,58.5,65.5,430.938,5,0
3905,1468751264,391999,12250,42.75,58.5,65.5,381.591,5,0
3915,1472672976,391932,12247.9,42.75,58.5,65.5,393.281,5,0
3925,1476584785,390783,12212,42.75,58.5,65.5,366.147,5,0
3935,1480754404,416334,13010.4,42.75,58.5,65.5,463.963,5,0
3945,1484910856,414988,12968.4,42.65,58.5,65.5,458.346,5,0
3955,1489072594,415523,12985.1,42.65,57.5,65.5,463.651,5,0
3965,1493229590,415079,12971.2,42.65,57.5,65.5,472.075,5,0
3975,1497424848,419230,13100.9,42.65,57.5,65.5,467.969,5,0
3985,1501375419,394685,12333.9,42.65,57.5,65.5,383.463,5,0
3995,1505289983,390870,12214.7,42.65,57.5,65.5,370.671,5,0
4005,1509204372,390824,12213.3,42.65,57.5,65.5,357.254,5,0
4015,1513115684,390518,12203.7,42.65,57.5,65.5,362.402,5,0
4025,1517027084,390525,12203.9,42.65,57.5,65.5,367.083,5,0
4035,1520938594,390584,12205.8,42.65,57.5,65.5,364.275,5,0
4045,1524854395,390922,12216.3,42.65,57.5,65.5,357.566,5,0
4055,1528763723,390328,12197.8,42.65,57.5,65.5,359.438,5,0
4065,1532675814,390589,12205.9,42.65,57.5,65.5,352.418,5,0
4075,1536589427,390767,12211.5,42.55,57.5,65.5,353.042,5,0
4085,1540498299,390252,12195.4,42.55,57.5,65.5,352.262,5,0
4095,1544412990,390852,12214.1,42.55,57.5,65.5,355.226,5,0
4105,1548325750,390736,12210.5,42.55,57.5,65.5,357.254,5,0
4115,1552234642,390832,12213.5,42.55,57.5,65.5,352.344,5,0
4125,1556149557,390884,12215.1,42.55,57.5,65.5,360.062,5,0
4135,1560065218,390975,12218,42.55,57.5,65.5,360.998,5,0
4145,1563977428,390589,12205.9,42.55,57.5,65.5,354.914,5,0
4155,1567890381,390686,12208.9,42.55,57.5,65.5,364.119,5,0
4165,1571807829,391147,12223.4,42.55,57.5,65.5,363.807,5,0
4175,1575717013,390283,12196.3,42.55,57.5,65.5,365.991,5,0
4185,1579633143,391000,12218.8,42.55,57.5,65.5,360.686,5,0
4195,1583533101,389395,12168.6,42.55,57.5,65.5,352.106,5,0
4205,1587446202,390708,12209.6,42.55,57.5,65.5,365.367,5,0
4215,1591363813,391136,12223,42.55,57.5,65.5,363.651,5,0
4225,1595281267,391156,12223.6,42.55,57.5,65.5,363.495,5,0
4235,1599188090,390065,12189.5,42.55,57.5,65.5,355.538,5,0
4245,1603103105,390902,12215.7,42.55,57.5,65.5,358.19,5,0
4255,1607017581,390840,12213.7,42.55,57.5,65.5,359.618,5,0
4265,1610930220,390618,12206.8,42.55,57.5,65.5,345.999,5,0
4275,1614839778,390376,12199.2,42.55,57.5,65.5,362.402,5,0
4285,1618752598,390676,12208.6,42.55,57.5,65.5,357.254,5,0
4295,1622664764,390597,12206.2,42.55,57.5,65.5,362.871,5,0
4305,1626576574,390570,12205.3,42.55,57.5,65.5,355.538,5,0
4315,1630488981,390627,12207.1,42.55,57.5,65.5,359.75,5,0
4325,1634397951,390268,12195.9,42.55,57.5,65.5,361.31,5,0
4335,1638308486,390468,12202.1,42.55,57.5,65.5,364.275,5,0
4345,1642216829,390226,12194.6,42.55,57.5,65.5,362.559,5,0
4356,1646128778,390589,12205.9,42.55,57.5,65.5,357.254,5,0
4366,1650040431,390538,12204.3,42.55,57.5,65.5,349.61,5,0
4376,1653955905,390947,12217.1,42.45,57.5,65.5,365.679,5,0
4386,1657860424,389877,12183.7,42.45,57.5,65.5,354.29,5,0
4396,1661771923,390519,12203.7,42.45,57.5,65.5,357.254,5,0
4406,1665682717,390469,12202.2,42.45,57.5,65.5,357.878,5,0
4416,1669590690,390176,12193,42.45,57.5,65.5,363.495,5,0
4426,1673504454,390771,12211.6,42.45,57.5,65.5,361.466,5,0
4436,1677416234,390565,12205.2,42.45,57.5,65.5,359.75,5,0
4446,1681327294,390470,12202.2,42.45,57.5,65.5,371.451,5,0
4456,1685245961,390666,12208.3,42.45,57.5,64.5,364.33,5,0
4466,1689159120,390686,12208.9,42.45,57.5,64.5,358.034,5,0
4476,1693067404,390232,12194.8,42.45,57.5,64.5,358.658,5,0
4486,1696983779,391029,12219.7,42.45,57.5,64.5,358.19,5,0
4496,1700896657,390679,12208.7,42.45,57.5,64.5,351.95,5,0
4506,1704812338,390354,12198.6,42.45,57.5,64.5,363.707,5,0
4516,1708721880,390356,12198.6,42.45,57.5,64.5,355.226,5,0
4526,1712632977,390492,12202.9,42.45,57.5,64.5,363.339,5,0
4536,1716550800,391174,12224.2,42.45,57.5,64.5,358.19,5,0
4546,1720459294,390230,12194.7,42.45,57.5,64.5,354.446,5,0
4556,1724369275,390411,12200.4,42.45,57.5,64.5,359.438,5,0
4566,1728277077,390232,12194.7,42.45,57.5,64.5,360.686,5,0
4576,1732183863,390588,12205.9,42.45,57.5,64.5,342.031,5,0
4586,1736093565,390366,12198.9,42.45,57.5,64.5,361.466,5,0
4596,1740001222,390164,12192.6,42.45,57.5,64.5,366.771,5,0
4606,1743911160,390375,12199.2,42.45,57.5,64.5,351.17,5,0
4616,1747822255,390503,12203.2,42.45,57.5,64.5,358.658,5,0
4626,1751733398,390513,12203.5,42.45,57.5,64.5,355.694,5,0
4636,1755639894,390016,12188,42.45,57.5,64.5,345.71,5,0
4646,1759550371,390445,12201.4,42.45,57.5,64.5,359.75,5,0
4656,1763460958,390434,12201.1,42.45,57.5,64.5,349.298,5,0
4666,1767369610,390268,12195.9,42.45,57.5,64.5,360.374,5,0
4676,1771281428,390563,12205.1,42.45,57.5,64.5,350.234,5,0
4686,1775193571,390601,12206.3,42.45,57.5,64.5,355.07,5,0
4696,1779106458,390676,12208.6,42.45,57.5,64.5,363.183,5,0
4706,1783017473,390513,12203.5,42.45,57.5,64.5,352.106,5,0
4716,1786926613,390278,12196.2,42.45,57.5,64.5,366.459,5,0
4726,1790835258,390272,12196,42.35,57.5,64.5,359.282,5,0
4736,1794746147,390521,12203.8,42.35,57.5,64.5,370.203,5,0
4746,1798657048,390426,12200.8,42.35,57.5,64.5,349.454,5,0
4756,1802561518,389846,12182.7,42.35,57.5,64.5,348.83,5,0
4766,1806464450,389700,12178.1,42.35,57.5,64.5,354.446,5,0
4776,1810370325,389978,12186.8,42.35,57.5,64.5,359.282,5,0
4786,1814280135,390371,12199.1,42.35,57.5,64.5,366.615,5,0
4796,1818186198,389995,12187.4,42.35,57.5,64.5,357.878,5,0
4806,1822093897,390170,12192.8,42.35,57.5,64.5,360.062,5,0
4816,1826006596,390671,12208.5,42.35,57.5,64.5,360.53,5,0
4826,1829918873,390609,12206.5,42.35,57.5,64.5,361.778,5,0
4836,1833839308,391410,12231.6,42.35,57.5,64.5,368.799,5,0
4846,1837760322,391513,12234.8,42.35,57.5,64.5,362.559,5,0
4856,1841674767,390800,12212.5,42.35,57.5,64.5,355.538,5,0
4866,1845595558,391477,12233.7,42.35,57.5,64.5,351.794,5,0
4876,1849515010,391330,12229.1,42.35,57.5,64.5,356.474,5,0
4886,1853435781,391461,12233.2,42.35,57.5,64.5,359.906,5,0
4896,1857352720,391112,12222.3,42.35,57.5,64.5,360.374,5,0
4906,1861278228,391901,12246.9,42.35,57.5,64.5,363.651,5,0
4916,1865197497,391327,12229,42.35,57.5,64.5,356.006,5,0
4926,1869118646,391528,12235.2,42.35,57.5,64.5,355.85,5,0
4936,1873045188,392034,12251.1,42.35,57.5,64.5,356.006,5,0
4946,1876968934,391747,12242.1,42.35,57.5,64.5,366.615,5,0
4956,1880894909,391977,12249.3,42.35,57.5,64.5,358.814,5,0
4966,1884814794,391405,12231.4,42.35,57.5,64.5,350.078,5,0
4976,1888738497,391796,12243.6,42.35,57.5,64.5,367.083,5,0
4986,1892651901,391274,12227.3,42.35,57.5,64.5,350.156,5,0
4997,1896562881,390494,12202.9,42.35,57.5,64.5,349.298,5,0
5007,1900474754,390580,12205.6,42.35,57.5,64.5,359.126,5,0
5017,1904390818,390994,12218.6,42.35,57.5,64.5,370.203,5,0
5027,1908302006,390581,12205.7,42.35,57.5,64.5,372.855,5,0
5037,1912215865,390724,12210.1,42.35,57.5,64.5,361.934,5,0
5047,1916129226,390708,12209.6,42.35,57.5,64.5,358.814,5,0
5057,1920040640,390521,12203.8,42.35,57.5,64.5,355.226,5,0
5067,1923951337,390584,12205.8,42.35,57.5,64.5,356.942,5,0
5077,1927853884,390119,12191.2,42.35,57.5,64.5,357.812,5,0
5087,1931765597,390592,12206,42.35,57.5,64.5,350.39,5,0
5097,1935676185,390509,12203.4,42.35,57.5,64.5,360.998,5,0
5107,1939592083,390928,12216.5,42.35,57.5,64.5,364.431,5,0
5117,1943505873,390784,12212,42.35,57.5,64.5,369.423,5,0
5127,1947417252,390499,12203.1,42.35,57.5,64.5,357.41,5,0
5137,1951330362,390694,12209.2,42.25,57.5,64.5,352.262,5,0
5147,1955247439,391082,12221.3,42.25,57.5,64.5,357.566,5,0
5157,1959159126,390573,12205.4,42.25,57.5,64.5,361.778,5,0
5167,1963073785,390851,12214.1,42.25,57.5,64.5,371.139,5,0
5177,1966988511,390858,12214.3,42.25,57.5,64.5,360.686,5,0
5187,1970907641,391343,12229.5,42.25,57.5,64.5,353.822,5,0
5197,1974825730,391181,12224.4,42.25,57.5,64.5,366.615,5,0
5207,1978740536,390867,12214.6,42.25,57.5,64.5,352.262,5,0
5217,1982656463,390989,12218.4,42.25,57.5,64.5,357.878,5,0
5227,1986571963,390935,12216.7,42.25,57.5,64.5,367.239,5,0
5237,1990488958,391097,12221.8,42.25,57.5,64.5,365.835,5,0
5247,1994405960,391054,12220.4,42.25,57.5,64.5,355.694,5,0
5257,1998321210,390911,12216,42.25,57.5,64.5,356.006,5,0
5267,2002241779,391465,12233.3,42.25,57.5,64.5,363.651,5,0
5277,2006159346,391148,12223.4,42.25,57.5,64.5,361.934,5,0
5287,2010079167,391349,12229.7,42.25,57.5,64.5,357.566,5,0
5297,2013999719,391444,12232.6,42.25,57.5,64.5,358.97,5,0
5307,2017914904,390936,12216.7,42.25,57.5,64.5,359.594,5,0
5317,2021833063,391211,12225.3,42.25,57.5,64.5,369.735,5,0
5327,2025751990,391277,12227.4,42.25,57.5,64.5,366.459,5,0
5337,2029672980,391486,12233.9,42.25,57.5,64.5,368.331,5,0
5347,2033594502,391536,12235.5,42.25,57.5,64.5,350.702,5,0
5357,2037518550,391781,12243.2,42.25,57.5,64.5,367.395,5,0
5367,2041433059,390863,12214.5,42.25,57.5,64.5,357.878,5,0
5377,2045349120,390994,12218.6,42.25,57.5,64.5,370.983,5,0
5387,2049268456,391314,12228.6,42.25,57.5,64.5,369.267,5,0
5397,2053189139,391472,12233.5,42.25,57.5,64.5,359.438,5,0
5407,2057108980,391357,12229.9,42.25,57.5,64.5,355.226,5,0
5417,2061030531,391532,12235.4,42.25,57.5,64.5,373.635,5,0
5427,2064945209,390842,12213.8,42.25,57.5,64.5,367.239,5,0
5437,2068861953,391093,12221.7,42.25,57.5,64.5,361.31,5,0
5447,2072781752,391378,12230.6,42.25,57.5,64.5,378.315,5,0
5457,2076702506,391445,12232.7,42.25,57.5,64.5,367.863,5,0
5467,2080624348,391551,12236,42.25,57.5,64.5,366.459,5,0
5477,2084544703,391425,12232,42.25,57.5,64.5,371.607,5,0
5487,2088464275,391354,12229.8,42.25,57.5,64.5,352.574,5,0
5497,2092380868,391066,12220.8,42.25,57.5,64.5,360.686,5,0
5507,2096301473,391419,12231.9,42.25,57.5,64.5,352.262,5,0
5517,2100221773,391446,12232.7,42.25,57.5,64.5,353.822,5,0
5527,2104140935,391293,12227.9,42.25,57.5,64.5,364.743,5,0
5537,2108056960,391010,12219.1,42.25,57.5,64.5,349.922,5,0
5547,2111975739,391256,12226.7,42.25,57.5,64.5,358.19,5,0
5557,2115899962,391794,12243.6,42.25,57.5,64.5,361.934,5,0
5567,2119820526,391490,12234.1,42.25,57.5,64.5,362.559,5,0
5577,2123740009,391293,12227.9,42.25,57.5,64.5,356.786,5,0
5587,2127660506,391455,12233,42.25,57.5,64.5,366.459,5,0
5597,2131578643,391188,12224.6,42.25,57.5,64.5,359.75,5,0
5607,2135496070,391156,12223.6,42.25,57.5,64.5,367.707,5,0
5617,2139412509,391029,12219.6,42.25,57.5,64.5,362.09,5,0
5627,2143332910,391427,12232.1,42.15,57.5,64.5,361.934,5,0
5637,2147251866,391270,12227.2,42.15,57.5,64.5,363.027,5,0
5648,2151171913,391385,12230.8,42.15,57.5,64.5,361.622,5,0
5658,2155093297,391560,12236.3,42.15,57.5,64.5,367.707,5,0
5668,2159009241,390974,12217.9,42.15,57.5,64.5,363.027,5,0
5678,2162924686,390904,12215.7,42.15,57.5,64.5,361.154,5,0
5688,2166841058,391034,12219.8,42.15,57.5,64.5,365.055,5,0
5698,2170763113,391600,12237.5,42.15,57.5,64.5,361.778,5,0
5708,2174677613,390856,12214.3,42.15,57.5,64.5,358.502,5,0
5718,2178595082,391139,12223.1,42.15,57.5,64.5,360.218,5,0
5728,2182510380,390925,12216.4,42.15,57.5,64.5,368.019,5,0
5738,2186423073,390639,12207.5,42.15,57.5,64.5,360.53,5,0
5748,2190339967,391089,12221.5,42.15,57.5,64.5,370.359,5,0
5758,2194261233,391497,12234.3,42.15,57.5,64.5,353.354,5,0
5768,2198179113,391182,12224.4,42.15,57.5,64.5,376.287,5,0
5778,2202097219,391240,12226.2,42.15,57.5,64.5,378.003,5,0
5788,2206017755,391411,12231.6,42.15,57.5,64.5,361.778,5,0
5798,2209933733,390989,12218.4,42.15,57.5,64.5,363.495,5,0
5808,2213845285,390540,12204.4,42.15,57.5,64.5,362.09,5,0
5818,2217766223,391484,12233.9,42.15,57.5,64.5,359.282,5,0
5828,2221677497,390511,12203.5,42.15,57.5,64.5,361.622,5,0
5838,2225589839,390625,12207,42.15,57.5,64.5,356.942,5,0
5848,2229500437,390431,12201,42.15,57.5,64.5,368.955,5,0
5858,2233412937,390638,12207.4,42.15,57.5,64.5,355.85,5,0
5868,2237324283,390590,12205.9,42.15,57.5,64.5,365.211,5,0
5878,2241238585,390785,12212,42.15,57.5,64.5,350.546,5,0
5888,2245152428,390767,12211.5,42.15,57.5,64.5,357.098,5,0
5898,2249064391,390583,12205.7,42.15,57.5,64.5,357.254,5,0
5908,2252979387,390883,12215.1,42.15,57.5,64.5,350.702,5,0
5918,2256893737,390808,12212.8,42.15,57.5,64.5,353.042,5,0
5928,2260806845,390731,12210.3,42.15,57.5,64.5,358.034,5,0
5938,2264716831,390371,12199.1,42.15,57.5,64.5,365.055,5,0
5948,2268624636,390177,12193,42.15,57.5,64.5,355.538,5,0
5958,2272537098,390617,12206.8,42.15,57.5,64.5,359.906,5,0
5968,2276449779,390739,12210.6,42.15,57.5,64.5,356.786,5,0
5978,2280356145,390565,12205.2,42.15,57.5,64.5,358.906,5,0
5988,2284265443,390317,12197.4,42.15,57.5,64.5,359.438,5,0
5998,2288179684,390812,12212.9,42.15,57.5,64.5,354.134,5,0
6008,2292096558,391075,12221.1,42.15,57.5,64.5,350.702,5,0
6018,2296012272,390968,12217.7,42.15,57.5,64.5,357.098,5,0
6028,2299924138,390593,12206,42.15,57.5,64.5,352.418,5,0
6038,2303841414,391093,12221.7,42.15,57.5,64.5,355.85,5,0
6048,2307745922,389869,12183.4,42.15,57.5,64.5,365.055,5,0
6058,2311659687,390734,12210.4,42.15,57.5,64.5,357.41,5,0
6068,2315566725,390114,12191.1,42.15,57.5,64.5,358.034,5,0
6078,2319478921,390594,12206.1,42.15,57.5,64.5,357.878,5,0
6088,2323391171,390636,12207.4,42.15,57.5,64.5,360.062,5,0
6098,2327311703,391466,12233.3,42.15,57.5,64.5,361.934,5,0
6108,2331227320,390933,12216.7,42.15,57.5,64.5,352.886,5,0
6118,2335160822,392711,12272.2,42.15,57.5,64.5,356.162,5,0
6128,2339093468,392654,12270.4,42.15,57.5,64.5,364.119,5,0
6138,2343030237,393077,12283.6,42.15,57.5,64.5,358.502,5,0
6148,2346961470,392504,12265.8,42.15,57.5,64.5,358.19,5,0
6158,2350874194,390665,12208.3,42.15,57.5,64.5,364.899,5,0
6168,2354785788,390551,12204.7,42.15,57.5,64.5,367.551,5,0
6178,2358700623,390884,12215.1,42.15,57.5,64.5,355.382,5,0
6188,2362615799,390882,12215.1,42.15,57.5,64.5,372.855,5,0
6198,2366527092,390527,12204,42.15,57.5,64.5,355.382,5,0
6208,2370443876,391048,12220.2,42.15,57.5,64.5,364.119,5,0
6218,2374358015,390814,12212.9,42.15,57.5,64.5,364.743,5,0
6228,2378270133,390597,12206.2,42.15,57.5,64.5,369.579,5,0
6238,2382185278,390918,12216.2,42.15,57.5,64.5,361.622,5,0
6248,2386096443,390488,12202.7,42.15,57.5,64.5,365.055,5,0
6258,2390010450,390795,12212.3,42.05,57.5,64.5,357.722,5,0
6268,2393922635,390604,12206.4,42.05,57.5,64.5,368.175,5,0
6278,2397832919,390450,12201.6,42.05,57.5,64.5,369.111,5,0
6288,2401747243,390804,12212.6,42.05,57.5,64.5,364.899,5,0
6299,2405660997,390745,12210.8,42.05,57.5,64.5,364.119,5,0
6309,2409575130,390804,12212.6,42.05,57.5,64.5,364.275,5,0
6319,2413486300,390511,12203.5,42.05,57.5,64.5,361.31,5,0
6329,2417400144,390771,12211.6,42.05,57.5,64.5,352.73,5,0
6339,2421312842,390658,12208.1,42.05,57.5,64.5,354.758,5,0
6349,2425224803,390590,12205.9,42.05,57.5,64.5,355.382,5,0
6359,2429144202,390746,12210.8,42.05,57.5,64.5,360.125,5,0
6369,2433055729,390539,12204.3,42.05,57.5,64.5,350.39,5,0
6379,2436969841,390795,12212.3,42.05,57.5,64.5,362.715,5,0
6389,2440885702,390959,12217.5,42.05,57.5,64.5,365.211,5,0
6399,2444803064,391152,12223.5,42.05,57.5,64.5,367.239,5,0
6409,2448719523,391059,12220.6,42.05,56.5,64.5,353.978,5,0
6419,2452638244,391215,12225.5,42.05,56.5,64.5,365.523,5,0
6429,2456555555,391151,12223.5,42.05,56.5,64.5,354.914,5,0
6439,2460467552,390558,12204.9,42.05,56.5,64.5,358.814,5,0
6449,2464374452,390107,12190.9,42.05,56.5,64.5,353.666,5,0
6459,2468283385,390283,12196.3,42.05,56.5,64.5,352.262,5,0
6469,2472193183,390363,12198.8,42.05,56.5,64.5,365.523,5,0
6479,2476105671,390649,12207.8,42.05,56.5,64.5,365.679,5,0
6489,2480011453,389956,12186.1,42.05,56.5,64.5,360.686,5,0
6499,2483918264,390060,12189.4,42.05,56.5,64.5,351.17,5,0
6509,2487827598,390344,12198.2,42.05,56.5,64.5,368.799,5,0
6519,2491738445,390460,12201.9,42.05,56.5,64.5,361.934,5,0
6529,2495649149,390451,12201.6,42.05,56.5,64.5,355.538,5,0
6539,2499559608,390459,12201.9,42.05,56.5,64.5,361.778,5,0
6549,2503466905,390089,12190.3,42.05,56.5,64.5,359.75,5,0
6559,2507371933,389894,12184.2,42.05,56.5,64.5,347.894,5,0
6569,2511279541,390153,12192.3,42.05,56.5,64.5,347.738,5,0
6579,2515187274,390152,12192.3,42.05,56.5,64.5,352.73,5,0
6589,2519097464,390426,12200.8,42.05,56.5,64.5,360.062,5,0
6599,2523006353,390299,12196.8,42.05,56.5,64.5,356.942,5,0
6609,2526911965,389924,12185.1,42.05,56.5,64.5,341.966,5,0
6619,2530819101,390102,12190.7,42.05,56.5,64.5,359.75,5,0
6629,2534725527,390052,12189.1,42.05,56.5,64.5,354.602,5,0
6639,2538632559,390099,12190.6,42.05,56.5,64.5,351.482,5,0
6649,2542540627,390174,12192.9,42.05,56.5,64.5,362.871,5,0
6659,2546449138,390273,12196,42.05,56.5,64.5,348.518,5,0
6669,2550357816,390284,12196.4,42.05,56.5,64.5,353.042,5,0
6679,2554269382,390519,12203.7,42.05,56.5,64.5,350.39,5,0
6689,2558180961,390537,12204.3,42.05,56.5,64.5,358.97,5,0
6699,2562089148,390186,12193.3,42.05,56.5,64.5,362.402,5,0
6709,2565996477,390143,12192,42.05,56.5,64.5,363.963,5,0
6719,2569903019,390026,12188.3,42.05,56.5,64.5,360.218,5,0
6729,2573813187,390432,12201,42.05,56.5,64.5,359.282,5,0
6739,2577725728,390632,12207.3,42.05,56.5,64.5,353.978,5,0
6749,2581637377,390388,12199.6,42.05,56.5,64.5,347.738,5,0
6759,2585542792,390107,12190.8,42.05,56.5,64.5,349.61,5,0
6769,2589451959,390300,12196.9,42.05,56.5,64.5,353.978,5,0
6779,2593358790,390079,12190,42.05,56.5,64.5,363.807,5,0
6789,2597264024,389915,12184.8,42.05,56.5,64.5,369.267,5,0
6799,2601172709,390252,12195.4,42.05,56.5,64.5,349.142,5,0
6809,2605078288,389974,12186.7,42.05,56.5,64.5,353.978,5,0
6819,2608984951,390023,12188.2,42.05,56.5,64.5,354.134,5,0
6829,2612894349,390344,12198.2,42.05,56.5,64.5,351.482,5,0
6839,2616802755,390217,12194.3,42.05,56.5,64.5,354.602,5,0
6849,2620711931,390339,12198.1,42.05,56.5,63.5,358.19,5,0
6859,2624621201,390323,12197.6,42.05,56.5,63.5,361.778,5,0
6869,2628535992,390860,12214.4,42.05,56.5,63.5,366.303,5,0
6879,2632452989,391091,12221.6,42.05,56.5,63.5,365.367,5,0
6889,2636371748,391259,12226.8,42.05,56.5,63.5,358.034,5,0
6899,2640286718,390861,12214.4,42.05,56.5,63.5,358.502,5,0
6909,2644198236,390538,12204.3,42.05,56.5,63.5,357.566,5,0
6919,2648110546,390692,12209.1,42.05,56.5,63.5,364.119,5,0
6930,2652018416,390128,12191.5,42.05,56.5,63.5,348.518,5,0
6940,2655934091,390942,12216.9,42.05,56.5,63.5,359.594,5,0
6950,2659849920,390998,12218.7,42.05,56.5,63.5,356.318,5,0
6960,2663757567,390146,12192.1,42.05,56.5,63.5,354.446,5,0
6970,2667670018,390641,12207.5,42.05,56.5,63.5,358.97,5,0
6980,2671582571,390650,12207.8,42.05,56.5,63.5,362.871,5,0
6990,2675494282,390545,12204.5,42.05,56.5,63.5,357.722,5,0
7000,2679404529,390409,12200.3,42.05,56.5,63.5,350.078,5,0
7010,2683325212,391466,12233.3,42.05,56.5,63.5,354.29,5,0
7020,2687241071,390985,12218.3,42.05,56.5,63.5,363.807,5,0
7030,2691157810,391037,12219.9,42.05,56.5,63.5,348.674,5,0
7040,2695073927,391017,12219.3,42.05,56.5,63.5,354.446,5,0
7050,2698991849,391189,12224.7,42.05,56.5,63.5,351.638,5,0
7060,2702910504,391257,12226.8,42.05,56.5,63.5,366.771,5,0
7070,2706834575,391781,12243.2,42.05,56.5,63.5,366.927,5,0
7080,2710754504,391382,12230.7,42.05,56.5,63.5,347.426,5,0
7090,2714670242,390962,12217.6,42.05,56.5,63.5,363.183,5,0
7100,2718586748,391037,12219.9,42.05,56.5,63.5,355.538,5,0
7110,2722505135,391262,12226.9,42.05,56.5,63.5,351.014,5,0
7120,2726429573,391800,12243.7,42.05,56.5,63.5,352.886,5,0
7130,2730350676,391512,12234.7,42.05,56.5,63.5,354.134,5,0
7140,2734282470,392533,12266.6,42.05,56.5,63.5,365.055,5,0
7150,2738210619,392222,12256.9,41.95,56.5,63.5,358.19,5,0
7160,2742131691,391478,12233.7,41.95,56.5,63.5,360.062,5,0
7170,2746053565,391579,12236.8,41.95,56.5,63.5,353.666,5,0
7180,2749981331,391562,12236.3,41.95,56.5,63.5,363.24,5,0
7190,2753904343,391686,12240.2,41.95,56.5,63.5,367.239,5,0
7200,2757833921,392345,12260.8,41.95,56.5,63.5,369.891,5,0
7210,2761755656,391582,12236.9,41.95,56.5,63.5,362.559,5,0
7220,2765682797,392103,12253.2,41.95,56.5,63.5,375.975,5,0
7230,2769601420,391224,12225.7,41.95,56.5,63.5,364.587,5,0
7240,2773524509,391691,12240.4,41.95,56.5,63.5,352.574,5,0
7250,2777451414,392078,12252.4,41.95,56.5,63.5,361.466,5,0
7260,2781376834,391931,12247.8,41.95,56.5,63.5,357.722,5,0
7270,2785299222,391627,12238.3,41.95,56.5,63.5,361.622,5,0
7280,2789225471,392039,12251.2,41.95,56.5,63.5,374.571,5,0
7290,2793149367,391745,12242,41.95,56.5,63.5,356.474,5,0
7300,2797076041,392086,12252.7,41.95,56.5,63.5,361.466,5,0
7310,2800998307,391606,12237.7,41.95,56.5,63.5,364.587,5,0
7320,2804911764,390733,12210.4,41.95,56.5,63.5,351.17,5,0
7330,2808829024,391114,12222.3,41.95,56.5,63.5,372.543,5,0
7340,2812744237,390918,12216.2,41.95,56.5,63.5,354.29,5,0
7350,2816664181,391359,12230,41.95,56.5,63.5,367.239,5,0
7360,2820580461,391025,12219.5,41.95,56.5,63.5,359.438,5,0
7370,2824501400,391488,12234,41.95,56.5,63.5,356.63,5,0
7380,2828419589,391195,12224.9,41.95,56.5,63.5,351.482,5,0
7390,2832337031,391128,12222.7,41.95,56.5,63.5,366.147,5,0
7400,2836252428,390949,12217.2,41.95,56.5,63.5,366.147,5,0
7410,2840169528,391098,12221.8,41.95,56.5,63.5,356.942,5,0
7420,2844086528,391070,12220.9,41.95,56.5,63.5,368.487,5,0
7430,2848003446,391083,12221.4,41.95,56.5,63.5,367.863,5,0
7440,2851923031,391369,12230.3,41.95,56.5,63.5,355.07,5,0
7450,2855843487,391410,12231.6,41.95,56.5,63.5,355.85,5,0
7460,2859760783,391141,12223.2,41.95,56.5,63.5,349.61,5,0
7470,2863674750,390766,12211.4,41.95,56.5,63.5,361.466,5,0
7480,2867587227,390668,12208.4,41.95,56.5,63.5,358.658,5,0
7490,2871504201,391080,12221.2,41.95,56.5,63.5,357.566,5,0
7500,2875419523,390914,12216.1,41.95,56.5,63.5,358.502,5,0
7510,2879333700,390824,12213.2,41.95,56.5,63.5,356.318,5,0
7520,2883249670,390958,12217.4,41.95,56.5,63.5,361.934,5,0
7530,2887159155,390332,12197.9,41.95,56.5,63.5,367.083,5,0
7540,2891069708,390450,12201.5,41.95,56.5,63.5,358.346,5,0
7550,2894983547,390795,12212.3,41.95,56.5,63.5,362.246,5,0
7561,2898896454,390692,12209.1,41.95,56.5,63.5,361.154,5,0
7571,2902807812,390502,12203.2,41.95,56.5,63.5,369.267,5,0
7581,2906724025,391002,12218.8,41.95,56.5,63.5,356.162,5,0
7591,2910635235,390528,12204,41.95,56.5,63.5,367.395,5,0
7601,2914553383,391197,12224.9,41.95,56.5,63.5,357.254,5,0
7611,2918466032,390672,12208.5,41.95,56.5,63.5,360.53,5,0
7621,2922378227,390590,12205.9,41.95,56.5,63.5,358.034,5,0
7631,2926287490,390337,12198,41.95,56.5,63.5,357.878,5,0
7641,2930199882,390598,12206.2,41.95,56.5,63.5,370.827,5,0
7651,2934113157,390714,12209.8,41.95,56.5,63.5,359.282,5,0
7661,2938028760,390982,12218.2,41.95,56.5,63.5,357.566,5,0
7671,2941942825,390765,12211.4,41.95,56.5,63.5,356.942,5,0
7681,2945858860,391015,12219.2,41.95,56.5,63.5,360.53,5,0
7691,2949771596,390657,12208,41.95,56.5,63.5,356.942,5,0
7701,2953692487,391472,12233.5,41.95,56.5,63.5,353.042,5,0
7711,2957606155,390768,12211.5,41.95,56.5,63.5,360.218,5,0
7721,2961520343,390811,12212.8,41.95,56.5,63.5,356.786,5,0
7731,2965437700,391118,12222.4,41.95,56.5,63.5,363.807,5,0
7741,2969349164,390537,12204.3,41.95,56.5,63.5,365.523,5,0
7751,2973263273,390784,12212,41.95,56.5,63.5,359.75,5,0
7761,2977176434,390731,12210.4,41.95,56.5,63.5,362.871,5,0
7771,2981087807,390475,12202.4,41.95,56.5,63.5,357.566,5,0
7781,2984996698,390298,12196.8,41.95,56.5,63.5,362.871,5,0
7791,2988909631,390740,12210.6,41.95,56.5,63.5,357.878,5,0
7801,2992817123,390694,12209.2,41.95,56.5,63.5,362.5,5,0
7811,2996726186,390305,12197,41.95,56.5,63.5,364.743,5,0
7821,3000638533,390647,12207.7,41.95,56.5,63.5,371.763,5,0
7831,3004547925,390317,12197.4,41.95,56.5,63.5,366.615,5,0
7841,3008458393,390439,12201.2,41.95,56.5,63.5,350.39,5,0
7851,3012370256,390587,12205.8,41.95,56.5,63.5,358.034,5,0
7861,3016278455,390221,12194.4,41.95,56.5,63.5,362.09,5,0
7871,3020188634,390401,12200,41.95,56.5,63.5,365.367,5,0
7881,3024107238,391246,12226.4,41.95,56.5,63.5,347.114,5,0
7891,3028019262,390594,12206.1,41.95,56.5,63.5,365.523,5,0
7901,3031934116,390867,12214.6,41.95,56.5,63.5,364.431,5,0
7911,3035847749,390739,12210.6,41.95,56.5,63.5,352.106,5,0
7921,3039755699,390202,12193.8,41.95,56.5,63.5,355.226,5,0
7931,3043674546,391282,12227.6,41.95,56.5,63.5,352.886,5,0
7941,3047588929,390808,12212.8,41.95,56.5,63.5,349.766,5,0
7951,3051503968,390876,12214.9,41.95,56.5,63.5,354.602,5,0
7961,3055422038,391195,12224.8,41.95,56.5,63.5,367.551,5,0
7971,3059335761,390766,12211.4,41.95,56.5,63.5,367.239,5,0
7981,3063253488,391208,12225.3,41.95,56.5,63.5,355.694,5,0
7991,3067177683,391772,12242.9,41.95,56.5,63.5,360.842,5,0
8001,3071094811,391104,12222,41.95,56.5,63.5,370.515,5,0
8011,3075011634,391079,12221.2,41.95,56.5,63.5,365.523,5,0
8021,3078929583,391156,12223.6,41.95,56.5,63.5,358.97,5,0
8031,3082844001,390847,12214,41.95,56.5,63.5,358.658,5,0
8041,3086761428,391150,12223.4,41.95,56.5,63.5,355.382,5,0
8051,3090680069,391252,12226.6,41.95,56.5,63.5,360.218,5,0
8061,3094601800,391536,12235.5,41.95,56.5,63.5,361.154,5,0
8071,3098518878,391113,12222.3,41.95,56.5,63.5,359.75,5,0
8081,3102439018,391391,12231,41.95,56.5,63.5,373.947,5,0
8091,3106355525,391046,12220.2,41.95,56.5,63.5,364.743,5,0
8101,3110275060,391335,12229.2,41.95,56.5,63.5,360.842,5,0
8111,3114198462,391746,12242.1,41.95,56.5,63.5,352.886,5,0
8121,3118124397,391971,12249.1,41.95,56.5,63.5,361.622,5,0
8131,3122046146,391559,12236.2,41.95,56.5,63.5,352.574,5,0
8141,3125961043,390911,12216,41.95,56.5,63.5,353.354,5,0
8151,3129871260,390379,12199.3,41.95,56.5,63.5,366.927,5,0
8161,3133780291,390278,12196.2,41.95,56.5,63.5,357.722,5,0
8171,3137692810,390640,12207.5,41.95,56.5,63.5,357.254,5,0
8181,3141606352,390777,12211.8,41.95,56.5,63.5,358.502,5,0
8191,3145518666,390587,12205.8,41.95,56.5,63.5,366.615,5,0
8201,3149436783,391230,12225.9,41.95,56.5,63.5,364.899,5,0
8212,3153348786,390577,12205.5,41.95,56.5,63.5,359.906,5,0
8222,3157258742,390392,12199.7,41.95,56.5,63.5,361.154,5,0
8232,3161169443,390464,12202,41.95,56.5,63.5,369.579,5,0
8242,3165087527,391199,12225,41.95,56.5,63.5,358.034,5,0
8252,3168999627,390598,12206.2,41.85,56.5,63.5,372.231,5,0
8262,3172917688,391241,12226.3,41.85,56.5,63.5,351.95,5,0
8272,3176833675,391049,12220.3,41.85,56.5,63.5,359.594,5,0
8282,3180744542,390972,12217.9,41.85,56.5,63.5,372.031,5,0
8292,3184657057,390644,12207.6,41.85,56.5,63.5,354.29,5,0
8302,3188572405,390926,12216.4,41.85,56.5,63.5,368.175,5,0
8312,3192492801,391421,12231.9,41.85,56.5,63.5,350.546,5,0
8322,3196408572,390956,12217.4,41.85,56.5,63.5,351.95,5,0
8332,3200317396,390301,12196.9,41.85,56.5,63.5,363.183,5,0
8342,3204233141,390943,12217,41.85,56.5,63.5,365.367,5,0
8352,3208142044,390280,12196.2,41.85,56.5,63.5,364.587,5,0
8362,3212052581,390464,12202,41.85,56.5,63.5,357.878,5,0
8372,3215963401,390458,12201.8,41.85,56.5,63.5,359.594,5,0
8382,3219875302,390572,12205.4,41.85,56.5,63.5,358.97,5,0
8392,3223791187,390998,12218.7,41.85,56.5,63.5,356.474,5,0
8402,3227705338,390795,12212.3,41.85,56.5,63.5,372.231,5,0
8412,3231619401,390796,12212.4,41.85,56.5,63.5,366.459,5,0
8422,3235526536,390107,12190.8,41.85,56.5,63.5,354.758,5,0
8432,3239439448,390655,12208,41.85,56.5,63.5,355.226,5,0
8442,3243358452,390708,12209.6,41.85,56.5,63.5,367.601,5,0
8452,3247271546,390678,12208.7,41.85,56.5,63.5,366.303,5,0
8462,3251187042,390957,12217.4,41.85,56.5,63.5,365.835,5,0
8472,3255111132,391787,12243.3,41.85,56.5,63.5,363.651,5,0
8482,3259025201,390783,12212,41.85,56.5,63.5,356.318,5,0
8492,3262933012,390182,12193.2,41.85,56.5,63.5,364.119,5,0
8502,3266846368,390738,12210.6,41.85,56.5,63.5,367.707,5,0
8512,3270763743,391112,12222.2,41.85,56.5,63.5,357.566,5,0
8522,3274678285,390861,12214.4,41.85,56.5,63.5,371.451,5,0
8532,3278594836,391035,12219.8,41.85,56.5,63.5,355.382,5,0
8542,3282504271,390321,12197.5,41.85,56.5,63.5,357.722,5,0
8552,3286416032,390565,12205.2,41.85,56.5,63.5,356.63,5,0
8562,3290330936,390999,12218.7,41.85,56.5,63.5,349.766,5,0
8572,3294241158,390906,12215.8,41.85,56.5,63.5,374.375,5,0
8582,3298161474,391463,12233.2,41.85,56.5,63.5,365.367,5,0
8592,3302076488,390838,12213.7,41.85,56.5,63.5,349.454,5,0
8602,3305988993,390722,12210.1,41.85,56.5,63.5,365.367,5,0
8612,3309901969,390638,12207.4,41.85,56.5,63.5,362.871,5,0
8622,3313816728,390843,12213.9,41.85,56.5,63.5,369.759,5,0
8632,3317737099,391426,12232.1,41.85,56.5,63.5,379.383,5,0
8642,3321654591,391140,12223.1,41.85,56.5,63.5,372.387,5,0
8652,3325569954,390968,12217.8,41.85,56.5,63.5,362.871,5,0
8662,3329477265,390675,12208.6,41.85,56.5,63.5,363.281,5,0
8672,3333385380,390209,12194,41.85,56.5,63.5,361.31,5,0
8682,3337291310,389980,12186.9,41.85,56.5,63.5,355.85,5,0
8692,3341204124,390671,12208.5,41.85,56.5,63.5,350.39,5,0
8702,3345115961,390575,12205.5,41.85,56.5,63.5,372.855,5,0
8712,3349032291,391051,12220.3,41.85,56.5,63.5,364.587,5,0
8722,3352945481,390691,12209.1,41.85,56.5,63.5,360.842,5,0
8732,3356857434,390586,12205.8,41.85,56.5,63.5,357.41,5,0
8742,3360768851,390572,12205.4,41.85,56.5,63.5,351.638,5,0
8752,3364681815,390661,12208.2,41.85,56.5,63.5,352.886,5,0
8762,3368595419,390744,12210.7,41.85,56.5,63.5,358.814,5,0
8772,3372508763,390717,12209.9,41.85,56.5,63.5,363.495,5,0
8782,3376423306,390889,12215.3,41.85,56.5,63.5,365.523,5,0
8792,3380341799,391196,12224.9,41.85,56.5,63.5,356.63,5,0
8802,3384263994,391590,12237.2,41.85,56.5,63.5,359.594,5,0
8812,3388188673,391274,12227.3,41.85,56.5,63.5,351.09,5,0
8822,3392098144,390317,12197.4,41.85,56.5,63.5,357.878,5,0
8832,3396011287,390698,12209.3,41.85,56.5,63.5,378.159,5,0
8842,3399924695,390718,12209.9,41.85,56.5,63.5,353.666,5,0
8852,3403837411,390679,12208.7,41.85,56.5,63.5,359.282,5,0
8863,3407754157,390452,12201.6,41.85,56.5,63.5,368.847,5,0
8873,3411667728,390764,12211.4,41.85,56.5,63.5,351.17,5,0
8883,3415581788,390795,12212.3,41.85,56.5,63.5,363.651,5,0
8893,3419496423,390840,12213.7,41.85,56.5,63.5,369.579,5,0
8903,3423410484,390811,12212.8,41.85,56.5,63.5,345.866,5,0
8913,3427321753,390513,12203.5,41.85,56.5,63.5,363.807,5,0
8923,3431233168,390519,12203.7,41.85,56.5,63.5,363.807,5,0
8933,3435145669,390635,12207.3,41.85,56.5,63.5,364.431,5,0
8943,3439057360,390561,12205,41.85,56.5,63.5,353.666,5,0
8953,3442968656,390525,12203.9,41.85,56.5,63.5,357.722,5,0
8963,3446884747,391015,12219.2,41.85,56.5,63.5,368.955,5,0
8973,3450796254,390512,12203.5,41.85,56.5,63.5,354.758,5,0
8983,3454716347,390812,12212.9,41.85,56.5,63.5,369.782,5,0
8993,3458631668,390923,12216.4,41.85,56.5,63.5,362.246,5,0
9003,3462544467,390644,12207.6,41.85,56.5,63.5,363.495,5,0
9013,3466457850,390740,12210.6,41.85,56.5,63.5,367.395,5,0
9023,3470372274,390850,12214.1,41.85,56.5,63.5,368.487,5,0
9033,3474279178,390075,12189.8,41.85,56.5,63.5,352.73,5,0
9043,3478195713,391014,12219.2,41.85,56.5,63.5,360.53,5,0
9053,3482109928,390816,12213,41.85,56.5,63.5,361.778,5,0
9063,3486028813,391288,12227.8,41.85,56.5,63.5,358.19,5,0
9073,3489944197,390936,12216.8,41.85,56.5,63.5,368.331,5,0
9083,3493856038,390578,12205.6,41.85,56.5,63.5,360.374,5,0
9093,3497770715,390854,12214.2,41.85,56.5,63.5,353.354,5,0
9103,3501684474,390747,12210.8,41.85,56.5,63.5,354.29,5,0
9113,3505603080,391249,12226.5,41.85,56.5,63.5,356.006,5,0
9123,3509515903,390693,12209.1,41.85,56.5,63.5,350.546,5,0
9133,3513426376,390439,12201.2,41.85,56.5,63.5,357.098,5,0
9143,3517336561,390381,12199.4,41.85,56.5,63.5,358.502,5,0
9153,3521247474,390480,12202.5,41.85,56.5,63.5,359.126,5,0
9163,3525160013,390644,12207.6,41.85,56.5,63.5,361.778,5,0
9173,3529072670,390730,12210.3,41.85,56.5,63.5,364.275,5,0
9183,3532981815,390850,12214.1,41.85,56.5,63.5,359.688,5,0
9193,3536897994,391028,12219.6,41.85,56.5,63.5,356.006,5,0
9203,3540812529,390833,12213.5,41.85,56.5,63.5,355.538,5,0
9213,3544728145,390932,12216.6,41.85,56.5,63.5,358.97,5,0
9223,3548641726,390760,12211.2,41.85,56.5,63.5,356.318,5,0
9233,3552560537,391262,12226.9,41.85,56.5,63.5,357.254,5,0
9243,3556474368,390789,12212.1,41.85,56.5,63.5,355.538,5,0
9253,3560386234,390574,12205.4,41.85,56.5,63.5,359.282,5,0
9263,3564301018,390876,12214.9,41.85,56.5,63.5,358.346,5,0
9273,3568215355,390823,12213.2,41.85,56.5,63.5,366.147,5,0
9283,3572133647,391198,12224.9,41.85,56.5,63.5,360.218,5,0
9293,3576043745,390406,12200.2,41.85,56.5,63.5,350.858,5,0
9303,3579949301,389963,12186.3,41.85,56.5,63.5,353.666,5,0
9313,3583857179,390184,12193.3,41.85,56.5,63.5,353.51,5,0
9323,3587765499,390214,12194.2,41.85,56.5,63.5,362.09,5,0
9333,3591679072,390804,12212.6,41.85,56.5,63.5,365.835,5,0
9343,3595589460,390953,12217.3,41.85,56.5,63.5,361.562,5,0
9353,3599509177,390773,12211.7,41.85,56.5,63.5,353.115,5,0
9363,3603427172,391165,12223.9,41.85,56.5,63.5,357.878,5,0
9373,3607341704,390859,12214.3,41.85,56.5,63.5,353.978,5,0
9383,3611263983,391597,12237.4,41.85,56.5,63.5,361.622,5,0
9393,3615179599,390971,12217.9,41.85,56.5,63.5,359.126,5,0
9403,3619099703,391425,12232,41.85,56.5,63.5,345.866,5,0
9413,3623014484,390838,12213.7,41.85,56.5,63.5,350.39,5,0
9423,3626929275,390861,12214.4,41.85,56.5,63.5,345.242,5,0
9433,3630850503,391508,12234.6,41.85,56.5,63.5,358.814,5,0
9443,3634769887,391341,12229.4,41.85,56.5,63.5,363.963,5,0
9453,3638688069,391223,12225.7,41.85,56.5,63.5,353.354,5,0
9463,3642604433,391008,12219,41.85,56.5,63.5,358.034,5,0
9473,3646522306,391187,12224.6,41.85,56.5,63.5,365.367,5,0
9483,3650437013,390859,12214.3,41.85,56.5,63.5,349.766,5,0
9494,3654348588,390553,12204.8,41.85,56.5,63.5,364.275,5,0
9504,3658258799,390408,12200.2,41.85,56.5,63.5,352.886,5,0
9514,3662170656,390569,12205.3,41.85,56.5,63.5,360.686,5,0
9524,3666087091,391007,12219,41.85,56.5,63.5,362.246,5,0
9534,3670001273,390826,12213.3,41.85,56.5,63.5,364.431,5,0
9544,3673914119,390687,12209,41.85,56.5,63.5,368.643,5,0
9554,3677829112,390874,12214.8,41.85,56.5,63.5,356.318,5,0
9564,3681740071,390479,12202.5,41.85,56.5,63.5,359.594,5,0
9574,3685649210,390317,12197.4,41.85,56.5,63.5,351.95,5,0
9584,3689563862,390834,12213.6,41.85,56.5,63.5,358.346,5,0
9594,3693481757,391212,12225.4,41.85,56.5,63.5,362.559,5,0
9604,3697394195,390618,12206.8,41.85,56.5,63.5,349.922,5,0
9614,3701308217,390784,12212,41.85,56.5,63.5,353.354,5,0
9624,3705224719,391037,12219.9,41.85,56.5,63.5,369.423,5,0
9634,3709130384,389963,12186.3,41.85,56.5,63.5,366.927,5,0
9644,3713039565,390303,12197,41.85,56.5,63.5,358.658,5,0
9654,3716954676,390901,12215.6,41.85,56.5,63.5,358.034,5,0
9664,3720866720,390616,12206.7,41.85,56.5,63.5,353.198,5,0
9674,3724783263,391027,12219.6,41.85,56.5,63.5,361.934,5,0
9684,3728698874,390972,12217.9,41.85,56.5,63.5,360.686,5,0
9694,3732612226,390719,12210,41.85,56.5,63.5,354.446,5,0
9704,3736524100,390576,12205.5,41.85,56.5,63.5,354.446,5,0
9714,3740437942,390751,12211,41.85,56.5,63.5,364.119,5,0
9724,3744348081,390417,12200.5,41.85,56.5,63.5,364.275,5,0
9734,3748262534,390848,12214,41.85,56.5,63.5,351.326,5,0
9744,3752178865,390999,12218.7,41.85,56.5,63.5,368.019,5,0
9754,3756090425,390561,12205,41.85,56.5,63.5,348.362,5,0
9764,3760008916,391227,12225.8,41.85,56.5,63.5,359.594,5,0
9774,3763927274,391215,12225.5,41.85,56.5,63.5,355.85,5,0
9784,3767839828,390662,12208.2,41.85,56.5,63.5,361.31,5,0
9794,3771752515,390634,12207.3,41.85,56.5,63.5,352.886,5,0
9804,3775667041,390837,12213.6,41.85,56.5,63.5,359.282,5,0
9814,3779580791,390774,12211.7,41.85,56.5,63.5,355.07,5,0
9824,3783494166,390794,12212.3,41.85,56.5,63.5,361.466,5,0
9834,3787404008,390918,12216.2,41.85,56.5,63.5,348.125,5,0
9844,3791318058,390827,12213.4,41.85,56.5,63.5,364.119,5,0
9854,3795232193,390791,12212.2,41.85,56.5,63.5,359.438,5,0
9864,3799145415,390687,12209,41.85,56.5,63.5,367.707,5,0
9874,3803055446,390394,12199.8,41.85,56.5,63.5,364.431,5,0
9884,3806970980,390950,12217.2,41.85,56.5,63.5,356.63,5,0
9894,3810886021,390901,12215.7,41.85,56.5,63.5,363.495,5,0
9904,3814800355,390807,12212.7,41.75,56.5,63.5,362.715,5,0
9914,3818717049,391079,12221.2,41.75,56.5,63.5,358.19,5,0
9924,3822630471,390708,12209.6,41.75,56.5,63.5,361.466,5,0
9934,3826543991,390758,12211.2,41.75,56.5,63.5,362.09,5,0
9944,3830454267,390436,12201.1,41.75,56.5,63.5,351.326,5,0
9954,3834368131,390746,12210.8,41.75,56.5,63.5,359.594,5,0
9964,3838279911,390610,12206.6,41.75,56.5,63.5,376.443,5,0
9974,3842192542,390619,12206.8,41.75,56.5,63.5,367.083,5,0
9984,3846106880,390826,12213.3,41.75,56.5,63.5,358.658,5,0
9994,3850019205,390642,12207.6,41.75,56.5,63.5,359.126,5,0
10004,3853931155,390557,12204.9,41.75,56.5,63.5,361.934,5,0
10014,3857843648,390644,12207.6,41.75,56.5,63.5,357.41,5,0
10024,3861758758,390900,12215.6,41.75,56.5,63.5,363.495,5,0
10034,3865671004,390639,12207.5,41.75,56.5,63.5,357.566,5,0
10044,3869580576,390347,12198.3,41.75,56.5,63.5,362.871,5,0
10054,3873487893,390106,12190.8,41.75,56.5,63.5,365.211,5,0
10064,3877396644,390269,12195.9,41.75,56.5,63.5,359.438,5,0
10074,3881313248,391029,12219.7,41.75,56.5,63.5,362.402,5,0
10084,3885230000,391092,12221.6,41.75,56.5,63.5,346.802,5,0
10094,3889146364,391017,12219.3,41.75,56.5,63.5,352.262,5,0
10104,3893062889,391052,12220.4,41.75,56.5,63.5,374.571,5,0
10114,3896984188,391484,12233.9,41.75,56.5,63.5,363.807,5,0
10124,3900902902,391313,12228.5,41.75,56.5,63.5,367.863,5,0
10134,3904814984,391153,12223.5,41.75,56.5,63.5,370.938,5,0
10145,3908733707,390690,12209.1,41.75,56.5,63.5,364.642,5,0
10155,3912656590,391654,12239.2,41.75,56.5,63.5,360.062,5,0
10165,3916578044,391548,12235.9,41.75,56.5,63.5,359.282,5,0
10175,3920495983,391154,12223.6,41.75,56.5,63.5,361.31,5,0
10185,3924414875,391299,12228.1,41.75,56.5,63.5,357.41,5,0
10195,3928336889,391576,12236.8,41.75,56.5,63.5,353.042,5,0
10205,3932258082,391508,12234.6,41.75,56.5,63.5,356.63,5,0
10215,3936174885,391078,12221.2,41.75,56.5,63.5,373.635,5,0
10225,3940096887,391589,12237.2,41.75,56.5,63.5,359.594,5,0
10235,3944017158,391419,12231.9,41.75,56.5,63.5,368.487,5,0
10245,3947944336,392117,12253.6,41.75,56.5,63.5,361.622,5,0
10255,3951866306,391552,12236,41.75,56.5,63.5,365.367,5,0
10265,3955784609,391229,12225.9,41.75,56.5,63.5,362.09,5,0
10275,3959710148,391965,12248.9,41.75,56.5,63.5,353.666,5,0
10285,3963633836,391743,12242,41.75,56.5,63.5,348.986,5,0
10295,3967555451,391564,12236.4,41.75,56.5,63.5,363.651,5,0
10305,3971470385,390867,12214.6,41.75,56.5,63.5,367.863,5,0
10315,3975379114,390248,12195.3,41.75,56.5,63.5,351.638,5,0
10325,3979286105,390116,12191.1,41.75,56.5,63.5,368.019,5,0
10335,3983195631,390327,12197.7,41.75,56.5,63.5,359.438,5,0
10345,3987103520,390174,12192.9,41.75,56.5,63.5,370.515,5,0
10355,3991010890,390139,12191.8,41.75,56.5,63.5,355.85,5,0
10365,3994920003,390308,12197.1,41.75,56.5,63.5,367.551,5,0
10375,3998831729,390553,12204.8,41.75,56.5,63.5,356.786,5,0
10385,4002742243,390453,12201.7,41.75,56.5,63.5,373.011,5,0
10395,4006650776,390220,12194.4,41.75,56.5,63.5,366.615,5,0
10405,4010562248,390566,12205.2,41.75,56.5,63.5,362.402,5,0
10415,4014472887,390453,12201.7,41.75,56.5,63.5,356.318,5,0
10425,4018387054,390820,12213.1,41.75,56.5,63.5,368.487,5,0
10435,4022302877,390927,12216.5,41.75,56.5,63.5,356.006,5,0
10445,4026214587,390556,12204.9,41.75,56.5,63.5,361.466,5,0
10455,4030130157,390950,12217.2,41.75,56.5,63.5,351.014,5,0
10465,4034046594,391035,12219.9,41.75,56.5,63.5,363.495,5,0
10475,4037960597,390790,12212.2,41.75,56.5,63.5,366.927,5,0
10485,4041874089,390739,12210.6,41.75,56.5,63.5,356.318,5,0
10495,4045790563,391034,12219.8,41.75,56.5,63.5,357.722,5,0
10505,4049710552,391411,12231.6,41.75,56.5,63.5,371.607,5,0
10515,4053627561,391087,12221.5,41.75,56.5,63.5,364.587,5,0
10525,4057545223,391136,12223,41.75,56.5,63.5,365.991,5,0
10535,4061457587,390657,12208,41.75,56.5,63.5,366.927,5,0
10545,4065382484,391887,12246.5,41.75,56.5,63.5,362.871,5,0
10555,4069302165,391331,12229.1,41.75,56.5,63.5,356.63,5,0
10565,4073220950,391277,12227.4,41.75,56.5,63.5,355.694,5,0
10575,4077136677,390932,12216.6,41.75,56.5,63.5,364.119,5,0
10585,4081054297,391185,12224.5,41.75,56.5,63.5,361.622,5,0
10595,4084969987,390951,12217.2,41.75,56.5,63.5,359.282,5,0
10605,4088887954,391171,12224.1,41.75,56.5,63.5,368.799,5,0
10615,4092807072,391289,12227.8,41.75,56.5,63.5,371.451,5,0
10625,4096726467,391361,12230,41.75,56.5,63.5,357.722,5,0
10635,4100651970,391326,12228.9,41.75,56.5,63.5,353.894,5,0
10645,4104571233,391292,12227.9,41.75,56.5,63.5,364.899,5,0
10655,4108487114,390998,12218.7,41.75,56.5,63.5,361.154,5,0
10665,4112405609,391237,12226.2,41.75,56.5,63.5,372.855,5,0
10675,4116324916,391298,12228.1,41.75,56.5,63.5,362.715,5,0
10685,4120242641,391222,12225.7,41.75,56.5,63.5,360.374,5,0
10695,4124157584,391430,12232.2,41.75,56.5,63.5,359.688,5,0
10705,4128072154,390841,12213.8,41.75,56.5,63.5,355.07,5,0
10715,4131992521,391459,12233.1,41.75,56.5,63.5,365.679,5,0
10725,4135912339,391366,12230.2,41.75,56.5,63.5,358.19,5,0
10735,4139831329,391270,12227.2,41.75,56.5,63.5,351.326,5,0
10745,4143752681,391517,12234.9,41.75,56.5,63.5,357.254,5,0
10755,4147674622,391598,12237.4,41.75,56.5,63.5,355.85,5,0
10765,4151596054,391520,12235,41.75,56.5,63.5,357.254,5,0
10775,4155509212,390716,12209.9,41.75,56.5,63.5,375.039,5,0
10786,4159422002,390660,12208.1,41.75,56.5,63.5,362.246,5,0
10796,4163339668,391172,12224.1,41.75,56.5,63.5,357.566,5,0
10806,4167256595,391062,12220.7,41.75,56.5,63.5,356.318,5,0
10816,4171179897,391723,12241.3,41.75,56.5,63.5,361.466,5,0
10826,4175097476,391179,12224.4,41.75,56.5,63.5,361.154,5,0
10836,4179012623,390889,12215.3,41.75,56.5,63.5,355.85,5,0
10846,4182930839,391195,12224.8,41.75,56.5,63.5,361.778,5,0
10856,4186847269,391044,12220.1,41.75,56.5,63.5,365.991,5,0
10866,4190760011,390637,12207.4,41.75,56.5,63.5,369.267,5,0
10876,4194678569,391218,12225.6,41.75,56.5,63.5,363.339,5,0
10886,4198595471,391128,12222.8,41.75,56.5,63.5,360.218,5,0
10896,4202512766,391108,12222.1,41.75,56.5,63.5,372.387,5,0
10906,4206426686,390778,12211.8,41.75,56.5,63.5,358.97,5,0
10916,4210339525,391172,12224.1,41.75,56.5,63.5,364.219,5,0
10926,4214249482,390521,12203.8,41.75,56.5,63.5,370.203,5,0
10936,4218156155,390045,12188.9,41.75,56.5,63.5,358.97,5,0
10946,4222069969,390772,12211.6,41.75,56.5,63.5,358.034,5,0
10956,4225991143,390897,12215.5,41.75,56.5,63.5,356.386,5,0
10966,4229902705,390530,12204.1,41.75,56.5,63.5,353.042,5,0
10976,4233816001,390710,12209.7,41.75,56.5,63.5,358.034,5,0
10986,4237727742,390566,12205.2,41.75,56.5,63.5,368.955,5,0
10996,4241643863,391014,12219.2,41.75,56.5,63.5,355.382,5,0
11006,4245554788,390472,12202.2,41.75,56.5,63.5,357.566,5,0
11016,4249464098,390339,12198.1,41.75,56.5,63.5,359.126,5,0
11026,4253371987,390165,12192.7,41.75,56.5,63.5,363.027,5,0
11036,4257281439,390346,12198.3,41.75,56.5,63.5,356.318,5,0
11046,4261197257,390959,12217.5,41.75,56.5,63.5,354.758,5,0
11056,4265109166,390603,12206.3,41.75,56.5,63.5,364.431,5,0
11066,4269021352,390586,12205.8,41.75,56.5,63.5,356.63,5,0
11076,4272933118,390578,12205.5,41.75,56.5,63.5,359.438,5,0
11086,4276846620,390760,12211.2,41.75,56.5,63.5,356.006,5,0
11096,4280759871,390681,12208.8,41.75,56.5,63.5,359.126,5,0
11106,4284667449,390213,12194.2,41.75,56.5,63.5,355.85,5,0
11116,4288579085,390583,12205.7,41.75,56.5,63.5,353.666,5,0
11126,4292485875,390617,12206.8,41.75,56.5,63.5,361.562,5,0
11136,4296395748,390376,12199.2,41.75,56.5,63.5,351.014,5,0
11146,4300304420,390282,12196.3,41.75,56.5,63.5,366.459,5,0
11156,4304208636,389766,12180.2,41.75,56.5,63.5,360.218,5,0
11166,4308112714,389791,12181,41.75,56.5,63.5,353.978,5,0
11176,4312024837,390628,12207.1,41.75,56.5,63.5,356.786,5,0
11186,4315930446,389938,12185.6,41.75,56.5,63.5,364.119,5,0
11196,4319836425,389992,12187.3,41.75,56.5,63.5,361.466,5,0
11206,4323748327,390562,12205.1,41.75,56.5,63.5,356.786,5,0
11216,4327660916,390685,12208.9,41.75,56.5,63.5,361.154,5,0
11226,4331573799,390672,12208.5,41.75,56.5,63.5,358.658,5,0
11236,4335482308,390216,12194.3,41.75,56.5,63.5,364.275,5,0
11246,4339388342,390007,12187.7,41.75,56.5,63.5,366.927,5,0
11256,4343297468,390293,12196.7,41.75,56.5,63.5,366.147,5,0
11266,4347210221,390680,12208.8,41.75,56.5,63.5,367.395,5,0
11276,4351119526,390324,12197.6,41.75,56.5,63.5,355.226,5,0
11286,4355026705,390120,12191.2,41.75,56.5,63.5,352.106,5,0
11296,4358937426,390455,12201.7,41.75,56.5,63.5,360.842,5,0
11306,4362846467,390272,12196,41.75,56.5,63.5,366.147,5,0
11316,4366759373,390674,12208.6,41.75,56.5,63.5,356.63,5,0
11326,4370669198,390377,12199.3,41.75,56.5,63.5,357.41,5,0
11336,4374580923,390572,12205.4,41.75,56.5,63.5,356.63,5,0
11346,4378489690,390279,12196.2,41.75,56.5,63.5,368.019,5,0
11356,4382400227,390487,12202.7,41.75,56.5,63.5,364.431,5,0
11366,4386305064,390414,12200.4,41.75,56.5,63.5,361.406,5,0
11376,4390209999,389980,12186.9,41.75,56.5,63.5,355.85,5,0
11386,4394113859,390302,12196.9,41.75,56.5,63.5,363.75,5,0
11396,4398021037,390161,12192.5,41.75,56.5,63.5,359.126,5,0
11406,4401925916,390415,12200.5,41.75,56.5,63.5,362.188,5,0
11416,4405840427,390863,12214.5,41.75,56.5,63.5,359.126,5,0
11426,4409749351,390294,12196.7,41.75,56.5,63.5,360.062,5,0
11436,4413655601,389989,12187.1,41.75,56.5,63.5,353.978,5,0
11446,4417568808,390753,12211,41.75,56.5,63.5,352.106,5,0
11456,4421480521,390548,12204.6,41.75,56.5,63.5,355.226,5,0
11467,4425391681,390518,12203.7,41.75,56.5,63.5,355.07,5,0
11477,4429304716,390659,12208.1,41.75,56.5,63.5,358.814,5,0
11487,4433214428,390389,12199.7,41.75,56.5,63.5,355.85,5,0
11497,4437122802,390221,12194.4,41.75,56.5,63.5,352.574,5,0
11507,4441036193,390701,12209.4,41.75,56.5,63.5,376.131,5,0
11517,4444948925,390670,12208.4,41.75,56.5,63.5,362.715,5,0
11527,4448858728,390385,12199.5,41.75,56.5,63.5,367.863,5,0
11537,4452771924,390698,12209.3,41.75,56.5,63.5,345.242,5,0
11547,4456685365,390743,12210.7,41.75,56.5,63.5,356.63,5,0
11557,4460593609,390231,12194.7,41.75,56.5,63.5,351.638,5,0
11567,4464505049,390495,12203,41.75,56.5,63.5,357.254,5,0
11577,4468414213,390315,12197.4,41.75,56.5,63.5,353.822,5,0
11587,4472326752,390655,12208,41.75,56.5,63.5,365.211,5,0
11597,4476238113,390531,12204.1,41.75,56.5,63.5,359.126,5,0
11607,4480148728,390442,12201.3,41.75,56.5,63.5,354.914,5,0
11617,4484063099,390810,12212.8,41.75,56.5,63.5,365.055,5,0
11627,4487982689,390755,12211.1,41.75,56.5,63.5,358.879,5,0
11637,4491899293,391032,12219.7,41.75,56.5,63.5,355.538,5,0
11647,4495816606,391147,12223.3,41.75,56.5,63.5,351.17,5,0
11657,4499735178,391239,12226.2,41.75,56.5,63.5,360.842,5,0
11667,4503652518,391106,12222.1,41.75,56.5,63.5,365.523,5,0
11677,4507563096,390570,12205.3,41.75,56.5,63.5,353.198,5,0
11687,4511471082,390671,12208.5,41.75,56.5,63.5,357.5,5,0
11697,4515386842,390974,12217.9,41.75,56.5,63.5,362.09,5,0
11707,4519301751,390880,12215,41.75,56.5,63.5,356.474,5,0
11717,4523219956,391218,12225.6,41.75,56.5,63.5,354.134,5,0
11727,4527135722,390940,12216.9,41.75,56.5,63.5,363.027,5,0
11737,4531048216,390681,12208.8,41.75,56.5,63.5,348.362,5,0
11747,4534962385,390831,12213.5,41.75,56.5,63.5,356.942,5,0
11757,4538881513,391262,12226.9,41.75,56.5,63.5,359.282,5,0
11767,4542791181,390342,12198.2,41.75,56.5,63.5,355.694,5,0
11777,4546699110,390204,12193.9,41.75,56.5,63.5,358.658,5,0
11787,4550607306,390202,12193.8,41.75,56.5,63.5,349.454,5,0
11797,4554513336,389999,12187.5,41.75,56.5,63.5,353.666,5,0
11807,4558416746,389705,12178.3,41.75,56.5,63.5,352.106,5,0
11817,4562323131,390057,12189.3,41.75,56.5,63.5,346.802,5,0
11827,4566229629,390026,12188.3,41.75,56.5,63.5,348.206,5,0
11837,4570139266,390372,12199.1,41.75,56.5,63.5,355.694,5,0
11847,4574054054,390865,12214.5,41.75,56.5,63.5,354.134,5,0
11857,4577967323,390699,12209.3,41.75,56.5,63.5,356.006,5,0
11867,4581885647,391233,12226,41.75,56.5,63.5,347.738,5,0
11877,4585802680,391099,12221.8,41.75,56.5,63.5,360.998,5,0
11887,4589720177,391138,12223.1,41.75,56.5,63.5,366.927,5,0
11897,4593640226,391367,12230.2,41.75,56.5,63.5,346.022,5,0
11907,4597557536,391137,12223,41.75,56.5,63.5,352.418,5,0
11917,4601475516,391171,12224.1,41.75,56.5,63.5,355.07,5,0
11927,4605392458,391116,12222.4,41.75,56.5,63.5,353.354,5,0
11937,4609309294,391110,12222.2,41.75,56.5,63.5,356.162,5,0
11947,4613226047,391023,12219.5,41.75,56.5,63.5,350.546,5,0
11957,4617142090,390963,12217.6,41.75,56.5,63.5,363.807,5,0
11967,4621060751,391265,12227,41.75,56.5,63.5,356.006,5,0
11977,4624972505,390555,12204.8,41.75,56.5,63.5,355.694,5,0
11987,4628884939,390634,12207.3,41.75,56.5,63.5,358.658,5,0
11997,4632802195,391144,12223.2,41.75,56.5,63.5,360.374,5,0
12007,4636714606,390678,12208.7,41.75,56.5,63.5,358.19,5,0
12017,4640624689,390952,12217.2,41.75,56.5,63.5,362.656,5,0
12027,4644541346,391063,12220.7,41.75,56.5,63.5,365.367,5,0
12037,4648455068,390782,12211.9,41.75,56.5,63.5,363.027,5,0
12047,4652372869,391177,12224.3,41.75,56.5,63.5,357.41,5,0
12057,4656288254,390893,12215.4,41.75,56.5,63.5,365.523,5,0
12067,4660205772,391145,12223.3,41.75,56.5,63.5,356.786,5,0
12077,4664121440,390957,12217.4,41.75,56.5,63.5,359.594,5,0
12087,4668039720,391202,12225.1,41.75,56.5,63.5,366.303,5,0
12097,4671959062,391309,12228.4,41.75,56.5,63.5,364.743,5,0
12107,4675878301,391336,12229.3,41.75,56.5,63.5,373.479,5,0
12118,4679797870,391400,12231.3,41.75,56.5,63.5,351.638,5,0
12128,4683715750,391133,12222.9,41.75,56.5,63.5,356.942,5,0
12138,4687631992,390995,12218.6,41.75,56.5,63.5,362.871,5,0
12148,4691547158,390915,12216.1,41.75,56.5,63.5,362.246,5,0
12158,4695459752,390640,12207.5,41.75,56.5,63.5,359.438,5,0
12168,4699371339,390559,12205,41.75,56.5,63.5,355.694,5,0
12178,4703285951,390843,12213.9,41.75,56.5,63.5,356.63,5,0
12188,4707197826,390602,12206.3,41.75,56.5,63.5,362.402,5,0
12198,4711113317,390917,12216.2,41.75,56.5,63.5,361.622,5,0
12208,4715026854,390751,12211,41.75,56.5,63.5,361.622,5,0
12218,4718937967,390484,12202.6,41.75,56.5,63.5,359.282,5,0
12228,4722851923,390805,12212.6,41.75,56.5,63.5,365.211,5,0
12238,4726768922,391072,12221,41.75,56.5,63.5,366.615,5,0
12248,4730681933,390683,12208.9,41.75,56.5,63.5,358.19,5,0
12258,4734589523,390174,12192.9,41.75,56.5,63.5,362.246,5,0
12268,4738501456,390569,12205.3,41.75,56.5,63.5,362.246,5,0
12278,4742410311,390275,12196.1,41.75,56.5,63.5,369.111,5,0
12288,4746324508,390804,12212.6,41.75,56.5,63.5,356.318,5,0
12298,4750234556,390390,12199.7,41.75,56.5,63.5,372.699,5,0
12308,4754145716,390516,12203.6,41.75,56.5,63.5,348.05,5,0
12318,4758056456,390455,12201.7,41.75,56.5,63.5,357.878,5,0
12328,4761963670,390090,12190.3,41.75,56.5,63.5,357.098,5,0
12338,4765873039,390365,12198.9,41.75,56.5,63.5,363.027,5,0
12348,4769784061,390477,12202.4,41.75,56.5,63.5,356.63,5,0
12358,4773694122,390397,12199.9,41.75,56.5,63.5,363.807,5,0
12368,4777609199,390890,12215.3,41.75,56.5,63.5,359.438,5,0
12378,4781522960,390773,12211.7,41.75,56.5,63.5,373.947,5,0
12388,4785434110,390528,12204,41.75,56.5,63.5,358.034,5,0
12398,4789339820,389961,12186.3,41.75,56.5,63.5,356.318,5,0
12408,4793247996,390198,12193.7,41.75,56.5,63.5,366.303,5,0
12418,4797153639,389941,12185.7,41.75,56.5,63.5,355.538,5,0
12428,4801058635,389891,12184.1,41.75,56.5,63.5,353.354,5,0
12438,4804965002,390018,12188.1,41.75,56.5,63.5,361.31,5,0
12448,4808873798,390295,12196.7,41.75,56.5,63.5,360.218,5,0
12458,4812789098,390909,12215.9,41.75,56.5,63.5,357.254,5,0
12468,4816704172,390890,12215.3,41.75,56.5,63.5,363.183,5,0
12478,4820624059,391388,12230.9,41.75,56.5,63.5,362.402,5,0
12488,4824532034,390165,12192.7,41.65,56.5,63.5,365.211,5,0
12498,4828447788,390964,12217.6,41.65,56.5,63.5,365.367,5,0
12508,4832362280,390872,12214.7,41.65,56.5,63.5,352.262,5,0
12518,4836277481,390936,12216.8,41.65,56.5,63.5,370.983,5,0
12528,4840198235,391411,12231.6,41.65,56.5,63.5,353.354,5,0
12538,4844114469,391010,12219.1,41.65,56.5,63.5,367.083,5,0
12548,4848028359,390782,12211.9,41.65,56.5,63.5,361.934,5,0
12558,4851944721,391020,12219.4,41.65,56.5,63.5,355.07,5,0
12568,4855855193,390459,12201.9,41.65,56.5,63.5,359.282,5,0
12578,4859764033,390265,12195.8,41.65,56.5,63.5,364.119,5,0
12588,4863671069,390142,12191.9,41.65,56.5,63.5,362.715,5,0
12598,4867585281,390777,12211.8,41.65,56.5,63.5,360.062,5,0
12608,4871502929,391138,12223.1,41.65,56.5,63.5,366.303,5,0
12618,4875414018,390499,12203.1,41.65,56.5,63.5,366.615,5,0
12628,4879324689,390474,12202.3,41.65,56.5,63.5,365.211,5,0
12638,4883239046,390820,12213.1,41.65,56.5,63.5,362.559,5,0
12648,4887151494,390635,12207.4,41.65,56.5,63.5,366.303,5,0
12658,4891062534,390475,12202.3,41.65,56.5,63.5,349.922,5,0
12668,4894977064,390864,12214.5,41.65,56.5,63.5,351.95,5,0
12678,4898891740,390832,12213.5,41.65,56.5,63.5,372.699,5,0
12688,4902799813,390211,12194.1,41.65,56.5,63.5,362.402,5,0
12698,4906710269,390427,12200.9,41.65,56.5,63.5,368.643,5,0
12708,4910625181,390902,12215.7,41.65,56.5,63.5,363.495,5,0
12718,4914540510,390906,12215.8,41.65,56.5,63.5,348.986,5,0
12728,4918453438,390700,12209.4,41.65,56.5,63.5,373.479,5,0
12738,4922366748,390709,12209.7,41.65,56.5,63.5,361.622,5,0
12748,4926276437,390375,12199.2,41.65,56.5,63.5,362.871,5,0
12759,4930187689,390536,12204.3,41.65,56.5,63.5,361.154,5,0
12769,4934096000,390771,12211.6,41.65,56.5,63.5,351.094,5,0
12779,4938009681,390775,12211.7,41.65,56.5,63.5,365.679,5,0
12789,4941930241,391462,12233.2,41.65,56.5,63.5,363.807,5,0
12799,4945855856,391931,12247.9,41.65,56.5,63.5,363.807,5,0
12809,4949775984,391396,12231.1,41.65,56.5,63.5,360.062,5,0
12819,4953703292,392116,12253.6,41.65,56.5,63.5,354.758,5,0
12829,4957631300,392184,12255.7,41.65,56.5,63.5,355.85,5,0
12839,4961560224,392299,12259.4,41.65,56.5,63.5,348.986,5,0
12849,4965486335,391976,12249.3,41.65,56.5,63.5,346.646,5,0
12859,4969417613,392522,12266.3,41.65,56.5,62.5,352.418,5,0
12869,4973349708,392597,12268.6,41.65,56.5,62.5,344.15,5,0
12879,4977271530,391560,12236.3,41.65,56.5,62.5,364.899,5,0
12889,4981208376,392484,12265.1,41.65,56.5,62.5,366.044,5,0
12899,4985142104,392769,12274,41.65,56.5,62.5,359.906,5,0
12909,4989071674,392312,12259.7,41.65,56.5,62.5,366.303,5,0
12919,4992999837,392208,12256.5,41.65,56.5,62.5,368.643,5,0
12929,4996922973,391726,12241.4,41.65,56.5,62.5,372.543,5,0
12939,5000846432,391725,12241.4,41.65,56.5,62.5,369.267,5,0
12949,5004770781,391800,12243.7,41.65,56.5,62.5,369.891,5,0
12959,5008695472,391883,12246.3,41.65,56.5,62.5,368.799,5,0
12969,5012616930,391513,12234.8,41.65,56.5,62.5,360.842,5,0
12979,5016539869,391695,12240.5,41.65,56.5,62.5,362.09,5,0
12989,5020457158,391122,12222.6,41.65,56.5,62.5,369.891,5,0
12999,5024377693,391451,12232.8,41.65,56.5,62.5,370.827,5,0
13009,5028297451,391355,12229.8,41.65,56.5,62.5,366.615,5,0
13019,5032216019,391243,12226.4,41.65,56.5,62.5,359.438,5,0
13029,5036131004,390886,12215.2,41.65,56.5,62.5,357.098,5,0
13039,5040047232,391025,12219.5,41.65,56.5,62.5,363.807,5,0
13049,5043964072,391050,12220.3,41.65,56.5,62.5,355.694,5,0
13059,5047884321,391414,12231.7,41.65,56.5,62.5,359.906,5,0
13069,5051805335,391486,12234,41.65,56.5,62.5,373.479,5,0
13079,5055727016,391564,12236.4,41.65,56.5,62.5,370.983,5,0
13089,5059645091,391197,12224.9,41.65,56.5,62.5,361.778,5,0
13099,5063562877,391190,12224.7,41.65,56.5,62.5,367.863,5,0
13109,5067485230,391598,12237.4,41.65,56.5,62.5,363.963,5,0
13119,5071407892,391662,12239.4,41.65,56.5,62.5,365.055,5,0
13129,5075326001,391188,12224.6,41.65,56.5,62.5,357.878,5,0
13139,5079243816,391178,12224.3,41.65,56.5,62.5,364.275,5,0
13149,5083166492,391646,12238.9,41.65,56.5,62.5,359.594,5,0
13159,5087090442,391812,12244.1,41.65,56.5,62.5,356.63,5,0
13169,5091012300,391567,12236.5,41.65,56.5,62.5,361.778,5,0
13179,5094926172,390781,12211.9,41.65,56.5,62.5,360.998,5,0
13189,5098845599,391326,12228.9,41.65,56.5,62.5,367.863,5,0
13199,5102766341,391449,12232.8,41.65,56.5,62.5,353.042,5,0
13209,5106679620,390709,12209.7,41.65,56.5,62.5,360.218,5,0
13219,5110598158,391270,12227.2,41.65,56.5,62.5,359.438,5,0
13229,5114511789,391114,12222.3,41.65,56.5,62.5,364.375,5,0
13239,5118428314,391266,12227.1,41.65,56.5,62.5,356.63,5,0
13249,5122346699,391224,12225.7,41.65,56.5,62.5,362.871,5,0
13259,5126261750,390953,12217.3,41.65,56.5,62.5,357.098,5,0
13269,5130184289,391618,12238.1,41.65,56.5,62.5,370.515,5,0
13279,5134105267,391477,12233.6,41.65,56.5,62.5,363.027,5,0
13289,5138020945,390946,12217.1,41.65,56.5,62.5,363.963,5,0
13299,5141946477,391950,12248.4,41.65,56.5,62.5,357.722,5,0
13309,5145866986,391442,12232.6,41.65,56.5,62.5,359.75,5,0
13319,5149792498,391921,12247.5,41.65,56.5,62.5,357.098,5,0
13329,5153713622,391539,12235.6,41.65,56.5,62.5,363.495,5,0
13339,5157639136,391907,12247.1,41.65,56.5,62.5,361.154,5,0
13349,5161560604,391549,12235.9,41.65,56.5,62.5,363.183,5,0
13359,5165476792,390975,12218,41.65,56.5,62.5,358.658,5,0
13369,5169389643,390670,12208.4,41.65,56.5,62.5,356.162,5,0
13379,5173304023,390846,12213.9,41.65,56.5,62.5,366.615,5,0
13389,5177216437,390625,12207,41.65,56.5,62.5,368.643,5,0
13399,5181130269,390790,12212.2,41.65,56.5,62.5,355.382,5,0
13410,5185045716,390910,12215.9,41.65,56.5,62.5,363.495,5,0
13420,5188956935,390513,12203.5,41.65,56.5,62.5,351.638,5,0
13430,5192868435,390527,12204,41.65,56.5,62.5,368.955,5,0
13440,5196778212,390389,12199.7,41.65,56.5,62.5,353.978,5,0
13450,5200687773,390365,12198.9,41.65,56.5,62.5,372.231,5,0
13460,5204596045,390222,12194.4,41.65,56.5,62.5,364.431,5,0
13470,5208510005,390780,12211.9,41.65,56.5,62.5,365.523,5,0
13480,5212420386,390426,12200.8,41.65,56.5,62.5,360.218,5,0
13490,5216331020,390453,12201.7,41.65,56.5,62.5,360.374,5,0
13500,5220244481,390733,12210.4,41.65,56.5,62.5,361.466,5,0
13510,5224154867,390420,12200.6,41.65,56.5,62.5,362.871,5,0
13520,5228073589,391248,12226.5,41.65,56.5,62.5,357.254,5,0
13530,5231982974,390359,12198.7,41.65,56.5,62.5,364.275,5,0
13540,5235900282,391105,12222,41.65,56.5,62.5,368.019,5,0
13550,5239813989,390760,12211.3,41.65,56.5,62.5,355.538,5,0
13560,5243731101,391117,12222.4,41.65,56.5,62.5,355.382,5,0
13570,5247649779,391221,12225.7,41.65,56.5,62.5,359.906,5,0
13580,5251564999,390940,12216.9,41.65,56.5,62.5,364.587,5,0
13590,5255477631,390621,12206.9,41.65,56.5,62.5,367.395,5,0
13600,5259386134,390267,12195.8,41.65,56.5,62.5,368.331,5,0
13610,5263299681,390729,12210.3,41.65,56.5,62.5,355.382,5,0
13620,5267210175,390430,12200.9,41.65,56.5,62.5,355.694,5,0
13630,5271119465,390357,12198.7,41.65,56.5,62.5,365.835,5,0
13640,5275033947,390809,12212.8,41.65,56.5,62.5,360.842,5,0
13650,5278942049,390214,12194.2,41.65,56.5,62.5,360.998,5,0
13660,5282857811,390955,12217.4,41.65,56.5,62.5,355.226,5,0
13670,5286777471,391371,12230.4,41.65,56.5,62.5,368.175,5,0
13680,5290692240,390851,12214.1,41.65,56.5,62.5,363.339,5,0
13690,5294613348,391512,12234.7,41.65,56.5,62.5,358.658,5,0
13700,5298535027,391542,12235.7,41.65,56.5,62.5,361.31,5,0
13710,5302457081,391581,12236.9,41.65,56.5,62.5,353.666,5,0
13720,5306377549,391451,12232.8,41.65,56.5,62.5,362.09,5,0
13730,5310294091,391036,12219.9,41.65,56.5,62.5,358.97,5,0
13740,5314208609,390860,12214.4,41.65,56.5,62.5,361.154,5,0
13750,5318129483,391474,12233.5,41.65,56.5,62.5,368.643,5,0
13760,5322045384,390976,12218,41.65,56.5,62.5,366.615,5,0
13770,5325966407,391537,12235.5,41.65,56.5,62.5,374.259,5,0
13780,5329872101,390513,12203.5,41.65,56.5,62.5,365.625,5,0
13790,5333789094,391075,12221.1,41.65,56.5,62.5,378.159,5,0
13800,5337706036,391086,12221.4,41.65,56.5,62.5,354.914,5,0
13810,5341624601,391303,12228.2,41.65,56.5,62.5,360.062,5,0
13820,5345539431,390822,12213.2,41.65,56.5,62.5,369.579,5,0
13830,5349454365,390897,12215.5,41.65,56.5,62.5,361.778,5,0
13840,5353379394,391876,12246.1,41.65,56.5,62.5,362.402,5,0
13850,5357296650,391132,12222.9,41.65,56.5,62.5,367.239,5,0
13860,5361217340,391484,12233.9,41.65,56.5,62.5,363.183,5,0
13870,5365135019,391124,12222.6,41.65,56.5,62.5,372.075,5,0
13880,5369053095,391201,12225,41.65,56.5,62.5,356.786,5,0
13890,5372970512,391122,12222.6,41.65,56.5,62.5,367.239,5,0
13900,5376887481,391074,12221.1,41.65,56.5,62.5,364.275,5,0
13910,5380807298,391365,12230.2,41.65,56.5,62.5,369.111,5,0
13920,5384727969,391478,12233.7,41.65,56.5,62.5,361.154,5,0
13930,5388645477,391139,12223.1,41.65,56.5,62.5,362.715,5,0
13940,5392563608,391212,12225.4,41.65,56.5,62.5,371.763,5,0
13950,5396478763,390901,12215.7,41.65,56.5,62.5,359.594,5,0
13960,5400401029,391600,12237.5,41.65,56.5,62.5,362.715,5,0
13970,5404321405,391413,12231.7,41.65,56.5,62.5,357.566,5,0
13980,5408245744,391851,12245.4,41.65,56.5,62.5,363.495,5,0
13990,5412163702,391163,12223.9,41.65,56.5,62.5,368.487,5,0
14000,5416082841,391326,12228.9,41.65,56.5,62.5,365.055,5,0
14010,5420000850,391166,12223.9,41.65,56.5,62.5,385.023,5,0
14020,5423923136,391610,12237.8,41.65,56.5,62.5,362.559,5,0
14030,5427842600,391363,12230.1,41.65,56.5,62.5,363.027,5,0
14040,5431762760,391379,12230.6,41.65,56.5,62.5,353.51,5,0
14050,5435672965,390416,12200.5,41.65,56.5,62.5,358.814,5,0
14061,5439583981,390494,12202.9,41.65,56.5,62.5,364.275,5,0
14071,5443501291,391142,12223.2,41.65,56.5,62.5,362.402,5,0
14081,5447418683,391102,12221.9,41.65,56.5,62.5,365.211,5,0
14091,5451332962,390837,12213.7,41.65,56.5,62.5,357.878,5,0
14101,5455244411,390509,12203.4,41.65,56.5,62.5,366.927,5,0
14111,5459155678,390520,12203.7,41.65,56.5,62.5,354.446,5,0
14121,5463068410,390662,12208.2,41.65,56.5,62.5,352.574,5,0
14131,5466980337,390581,12205.7,41.65,56.5,62.5,364.587,5,0
14141,5470894551,390803,12212.6,41.65,56.5,62.5,356.786,5,0
14151,5474813085,391260,12226.9,41.65,56.5,62.5,353.822,5,0
14161,5478727719,390856,12214.2,41.65,56.5,62.5,352.106,5,0
14171,5482643237,390943,12217,41.65,56.5,62.5,352.574,5,0
14181,5486554476,390520,12203.8,41.65,56.5,62.5,358.814,5,0
14191,5490470119,390981,12218.1,41.65,56.5,62.5,363.495,5,0
14201,5494383919,390739,12210.6,41.65,56.5,62.5,359.126,5,0
14211,5498300254,390999,12218.7,41.65,56.5,62.5,363.963,5,0
14221,5502215909,390976,12218,41.65,56.5,62.5,363.027,5,0
14231,5506123573,390135,12191.7,41.65,56.5,62.5,360.998,5,0
14241,5510032875,390337,12198,41.65,56.5,62.5,355.694,5,0
14251,5513947574,390862,12214.4,41.65,56.5,62.5,363.339,5,0
14261,5517863147,390935,12216.7,41.65,56.5,62.5,367.083,5,0
14271,5521781006,391194,12224.8,41.65,56.5,62.5,367.863,5,0
14281,5525694484,390709,12209.7,41.65,56.5,62.5,371.919,5,0
14291,5529611668,391120,12222.5,41.65,56.5,62.5,361.31,5,0
14301,5533524421,390665,12208.3,41.65,56.5,62.5,368.175,5,0
14311,5537445801,391519,12235,41.65,56.5,62.5,362.715,5,0
14321,5541365350,391367,12230.2,41.65,56.5,62.5,366.771,5,0
14331,5545284186,391267,12227.1,41.65,56.5,62.5,356.162,5,0
14341,5549202882,391233,12226,41.65,56.5,62.5,354.914,5,0
14351,5553116765,390798,12212.4,41.65,56.5,62.5,360.062,5,0
14361,5557030922,390789,12212.2,41.65,56.5,62.5,365.835,5,0
14371,5560943775,390691,12209.1,41.65,56.5,62.5,352.418,5,0
14381,5564856613,390689,12209,41.65,56.5,62.5,362.09,5,0
14391,5568773414,391068,12220.9,41.65,56.5,62.5,359.75,5,0
14401,5572687860,390845,12213.9,41.65,56.5,62.5,359.126,5,0
14411,5576602651,390836,12213.6,41.65,56.5,62.5,357.722,5,0
14421,5580517009,390910,12215.9,41.65,56.5,62.5,357.566,5,0
14431,5584422917,390496,12203,41.65,56.5,62.5,360.312,5,0
14441,5588339855,391074,12221.1,41.65,56.5,62.5,359.126,5,0
14451,5592254598,390880,12215,41.65,56.5,62.5,362.402,5,0
14461,5596171115,391058,12220.6,41.65,56.5,62.5,359.126,5,0
14471,5600087563,391027,12219.6,41.65,56.5,62.5,360.374,5,0
14481,5604009684,391592,12237.3,41.65,56.5,62.5,366.771,5,0
14491,5607929906,391463,12233.2,41.65,56.5,62.5,365.523,5,0
14501,5611850274,391382,12230.7,41.65,56.5,62.5,365.835,5,0
14511,5615766279,391001,12218.8,41.65,56.5,62.5,362.402,5,0
14521,5619683835,391120,12222.5,41.65,56.5,62.5,370.983,5,0
14531,5623593854,390391,12199.7,41.65,56.5,62.5,358.814,5,0
14541,5627511147,391115,12222.4,41.65,56.5,62.5,359.75,5,0
14551,5631428576,391154,12223.6,41.65,56.5,62.5,372.387,5,0
14561,5635347529,390673,12208.5,41.65,56.5,62.5,358.567,5,0
14571,5639256581,390279,12196.2,41.65,56.5,62.5,354.134,5,0
14581,5643170855,390832,12213.5,41.65,56.5,62.5,369.111,5,0
14591,5647087910,391094,12221.7,41.65,56.5,62.5,355.226,5,0
14601,5651005681,391164,12223.9,41.65,56.5,62.5,365.211,5,0
14611,5654918647,390685,12208.9,41.65,56.5,62.5,363.807,5,0
14621,5658833296,390867,12214.6,41.65,56.5,62.5,364.275,5,0
14631,5662746707,390703,12209.5,41.65,56.5,62.5,360.842,5,0
14641,5666661647,390882,12215.1,41.65,56.5,62.5,353.822,5,0
14651,5670575767,390832,12213.5,41.65,56.5,62.5,370.047,5,0
14661,5674490740,390879,12215,41.65,55.5,62.5,369.891,5,0
14671,5678398227,390686,12209,41.65,55.5,62.5,359.375,5,0
14681,5682317261,391385,12230.8,41.65,55.5,62.5,354.758,5,0
14691,5686235284,391163,12223.8,41.65,55.5,62.5,356.474,5,0
14701,5690154853,391409,12231.5,41.65,55.5,62.5,359.594,5,0
14711,5694068713,391331,12229.1,41.65,55.5,62.5,353.906,5,0
14722,5697988544,391358,12230,41.65,55.5,62.5,365.211,5,0
14732,5701901396,390683,12208.9,41.65,55.5,62.5,357.878,5,0
14742,5705822937,391510,12234.7,41.65,55.5,62.5,353.666,5,0
14752,5709746487,391756,12242.4,41.65,55.5,62.5,358.658,5,0
14762,5713667846,391524,12235.1,41.65,55.5,62.5,365.679,5,0
14772,5717593798,391969,12249,41.65,55.5,62.5,363.027,5,0
14782,5721513056,391337,12229.3,41.65,55.5,62.5,353.666,5,0
14792,5725430973,391169,12224,41.65,55.5,62.5,361.934,5,0
14802,5729347875,391067,12220.8,41.65,55.5,62.5,358.346,5,0
14812,5733264746,391079,12221.2,41.65,55.5,62.5,361.466,5,0
14822,5737178008,390744,12210.8,41.65,55.5,62.5,362.402,5,0
14832,5741098211,391382,12230.7,41.65,55.5,62.5,360.53,5,0
14842,5745023493,391910,12247.2,41.65,55.5,62.5,362.559,5,0
14852,5748950226,392074,12252.3,41.65,55.5,62.5,360.062,5,0
14862,5752875248,391911,12247.2,41.65,55.5,62.5,358.034,5,0
14872,5756797148,391559,12236.2,41.65,55.5,62.5,360.842,5,0
14882,5760722814,391960,12248.8,41.65,55.5,62.5,354.446,5,0
14892,5764653544,391853,12245.4,41.65,55.5,62.5,366.199,5,0
14902,5768582579,392265,12258.3,41.65,55.5,62.5,359.906,5,0
14912,5772504692,391624,12238.3,41.65,55.5,62.5,348.518,5,0
14922,5776428790,391772,12242.9,41.65,55.5,62.5,365.679,5,0
14932,5780354052,391924,12247.6,41.65,55.5,62.5,354.602,5,0
14942,5784274474,391472,12233.5,41.65,55.5,62.5,360.53,5,0
14952,5788190875,391004,12218.9,41.65,55.5,62.5,358.034,5,0
14962,5792102059,390481,12202.5,41.65,55.5,62.5,364.119,5,0
14972,5796008959,390142,12191.9,41.65,55.5,62.5,357.098,5,0
14982,5799923592,390818,12213.1,41.65,55.5,62.5,348.518,5,0
14992,5803839023,390945,12217,41.65,55.5,62.5,355.226,5,0
15002,5807753340,390800,12212.5,41.65,55.5,62.5,361.934,5,0
15012,5811671479,391201,12225,41.65,55.5,62.5,364.275,5,0
15022,5815586488,390905,12215.8,41.65,55.5,62.5,354.134,5,0
15032,5819508423,391587,12237.1,41.65,55.5,62.5,359.126,5,0
15042,5823433835,391912,12247.3,41.65,55.5,62.5,357.41,5,0
15052,5827356231,391642,12238.8,41.65,55.5,62.5,363.651,5,0
15062,5831286878,391837,12244.9,41.65,55.5,62.5,358.255,5,0
15072,5835215116,392217,12256.8,41.65,55.5,62.5,351.482,5,0
15082,5839139023,391767,12242.7,41.65,55.5,62.5,359.126,5,0
15092,5843065219,391997,12249.9,41.65,55.5,62.5,355.382,5,0
15102,5846987285,391606,12237.7,41.65,55.5,62.5,344.93,5,0
15112,5850919516,391996,12249.9,41.65,55.5,62.5,361.526,5,0
15122,5854842002,391636,12238.6,41.65,55.5,62.5,361.154,5,0
15132,5858762743,391470,12233.4,41.65,55.5,62.5,364.275,5,0
15142,5862686042,391692,12240.4,41.65,55.5,62.5,350.078,5,0
15152,5866608360,391625,12238.3,41.65,55.5,62.5,346.178,5,0
15162,5870531865,391749,12242.2,41.65,55.5,62.5,358.034,5,0
15172,5874457552,391973,12249.1,41.65,55.5,62.5,358.658,5,0
15182,5878383274,391951,12248.5,41.65,55.5,62.5,355.538,5,0
15192,5882311419,392184,12255.8,41.65,55.5,62.5,358.034,5,0
15202,5886233511,391647,12239,41.65,55.5,62.5,364.275,5,0
15212,5890162971,392306,12259.6,41.65,55.5,62.5,360.53,5,0
15222,5894093407,392431,12263.5,41.65,55.5,62.5,356.162,5,0
15232,5898021190,392158,12254.9,41.65,55.5,62.5,349.61,5,0
15242,5901950176,392297,12259.3,41.65,55.5,62.5,355.382,5,0
15252,5905876444,391984,12249.5,41.65,55.5,62.5,358.814,5,0
15262,5909811058,392860,12276.9,41.65,55.5,62.5,369.735,5,0
15272,5913737847,392066,12252.1,41.65,55.5,62.5,372.543,5,0
15282,5917668104,392425,12263.3,41.65,55.5,62.5,347.738,5,0
15292,5921596171,392167,12255.2,41.65,55.5,62.5,365.211,5,0
15302,5925524413,392214,12256.7,41.65,55.5,62.5,357.254,5,0
15312,5929448028,391744,12242,41.65,55.5,62.5,350.858,5,0
15322,5933375197,392120,12253.8,41.65,55.5,62.5,366.459,5,0
15333,5937298016,391693,12240.4,41.65,55.5,62.5,368.019,5,0
15343,5941217052,391275,12227.3,41.65,55.5,62.5,365.367,5,0
15353,5945139835,391694,12240.4,41.65,55.5,62.5,360.53,5,0
15363,5949062202,391603,12237.6,41.65,55.5,62.5,352.886,5,0
15373,5952985631,391735,12241.7,41.65,55.5,62.5,350.234,5,0
15383,5956907533,391552,12236,41.65,55.5,62.5,354.446,5,0
15393,5960826158,391246,12226.4,41.65,55.5,62.5,354.758,5,0
15403,5964750562,391876,12246.1,41.65,55.5,62.5,363.339,5,0
15413,5968674864,391794,12243.6,41.65,55.5,62.5,361.934,5,0
15423,5972597298,391624,12238.2,41.65,55.5,62.5,360.374,5,0
15433,5976522500,391910,12247.2,41.65,55.5,62.5,369.579,5,0
15443,5980448809,392020,12250.6,41.65,55.5,62.5,363.495,5,0
15453,5984367574,391248,12226.5,41.65,55.5,62.5,351.17,5,0
15463,5988290537,391692,12240.4,41.65,55.5,62.5,351.17,5,0
15473,5992211285,391457,12233,41.65,55.5,62.5,366.303,5,0
15483,5996134030,391660,12239.4,41.65,55.5,62.5,362.871,5,0
15493,6000055135,391521,12235,41.65,55.5,62.5,375.351,5,0
15503,6003980875,391962,12248.8,41.65,55.5,62.5,356.63,5,0
15513,6007905223,391828,12244.6,41.65,55.5,62.5,362.246,5,0
15523,6011827214,391566,12236.4,41.65,55.5,62.5,363.963,5,0
15533,6015754210,392084,12252.6,41.65,55.5,62.5,351.95,5,0
15543,6019675211,391531,12235.3,41.65,55.5,62.5,354.29,5,0
15553,6023597421,391576,12236.8,41.65,55.5,62.5,354.914,5,0
15563,6027520881,391737,12241.8,41.65,55.5,62.5,355.85,5,0
15573,6031442208,391509,12234.7,41.65,55.5,62.5,350.39,5,0
15583,6035368622,392049,12251.5,41.65,55.5,62.5,358.502,5,0
15593,6039293283,391830,12244.7,41.65,55.5,62.5,355.85,5,0
15603,6043217936,391848,12245.3,41.65,55.5,62.5,349.454,5,0
15613,6047144716,392072,12252.3,41.65,55.5,62.5,352.73,5,0
15623,6051073203,392240,12257.5,41.65,55.5,62.5,359.282,5,0
15633,6054997732,391834,12244.8,41.65,55.5,62.5,364.431,5,0
15643,6058924996,392142,12254.4,41.65,55.5,62.5,360.218,5,0
15653,6062852619,392135,12254.2,41.65,55.5,62.5,351.95,5,0
15663,6066778745,391986,12249.6,41.65,55.5,62.5,360.062,5,0
15673,6070706986,392219,12256.8,41.65,55.5,62.5,356.318,5,0
15683,6074634589,392194,12256,41.65,55.5,62.5,360.842,5,0
15693,6078563220,392215,12256.7,41.65,55.5,62.5,357.41,5,0
15703,6082490200,392113,12253.5,41.65,55.5,62.5,364.743,5,0
15713,6086418898,392218,12256.8,41.65,55.5,62.5,374.103,5,0
15723,6090342012,391694,12240.4,41.65,55.5,62.5,359.75,5,0
15733,6094267251,391915,12247.4,41.65,55.5,62.5,358.034,5,0
15743,6098189044,391586,12237.1,41.65,55.5,62.5,363.183,5,0
15753,6102112845,391765,12242.7,41.65,55.5,62.5,356.318,5,0
15763,6106042658,392348,12260.9,41.65,55.5,62.5,352.418,5,0
15773,6109971614,392310,12259.7,41.65,55.5,62.5,355.85,5,0
15783,6113896075,391813,12244.2,41.65,55.5,62.5,356.474,5,0
15793,6117821178,391910,12247.2,41.65,55.5,62.5,355.538,5,0
15803,6121742934,391549,12235.9,41.65,55.5,62.5,360.53,5,0
15813,6125667178,391817,12244.3,41.65,55.5,62.5,355.226,5,0
15823,6129590758,391739,12241.8,41.65,55.5,62.5,353.822,5,0
15833,6133515755,391886,12246.4,41.65,55.5,62.5,360.374,5,0
15843,6137439613,391820,12244.4,41.65,55.5,62.5,358.814,5,0
15853,6141358789,391271,12227.2,41.65,55.5,62.5,354.134,5,0
15863,6145281917,391706,12240.8,41.65,55.5,62.5,363.963,5,0
15873,6149198833,391087,12221.5,41.65,55.5,62.5,360.998,5,0
15883,6153114575,390966,12217.7,41.65,55.5,62.5,361.622,5,0
15893,6157031315,391041,12220,41.65,55.5,62.5,366.147,5,0
15903,6160951349,391400,12231.3,41.65,55.5,62.5,373.167,5,0
15913,6164881180,391765,12242.7,41.65,55.5,62.5,358.411,5,0
15923,6168796725,390926,12216.5,41.65,55.5,62.5,358.814,5,0
15933,6172708066,390515,12203.6,41.65,55.5,62.5,360.374,5,0
15943,6176627335,391368,12230.3,41.65,55.5,62.5,359.282,5,0
15953,6180546293,391243,12226.3,41.65,55.5,62.5,353.51,5,0
15964,6184466599,391435,12232.3,41.65,55.5,62.5,360.686,5,0
15974,6188381430,390883,12215.1,41.65,55.5,62.5,370.515,5,0
15984,6192293792,390607,12206.5,41.65,55.5,62.5,362.715,5,0
15994,6196215702,391596,12237.4,41.65,55.5,62.5,360.842,5,0
16004,6200132216,391035,12219.9,41.65,55.5,62.5,373.323,5,0
16014,6204047447,390893,12215.4,41.65,55.5,62.5,354.758,5,0
16024,6207963632,391007,12219,41.65,55.5,62.5,363.651,5,0
16034,6211873651,390380,12199.4,41.65,55.5,62.5,359.594,5,0
16044,6215782654,390325,12197.7,41.65,55.5,62.5,358.97,5,0
16054,6219690398,390208,12194,41.65,55.5,62.5,376.911,5,0
16064,6223599587,390854,12214.2,41.65,55.5,62.5,358.75,5,0
16074,6227516172,391049,12220.3,41.65,55.5,62.5,361.622,5,0
16084,6231427027,390468,12202.1,41.65,55.5,62.5,377.223,5,0
16094,6235338905,390585,12205.8,41.65,55.5,62.5,364.743,5,0
16104,6239249188,390415,12200.5,41.65,55.5,62.5,362.871,5,0
16114,6243156681,390156,12192.4,41.65,55.5,62.5,357.098,5,0
16124,6247065347,390247,12195.2,41.65,55.5,62.5,367.707,5,0
16134,6250982551,391106,12222.1,41.65,55.5,62.5,365.991,5,0
16144,6254895704,390709,12209.7,41.65,55.5,62.5,356.318,5,0
16154,6258809466,390763,12211.4,41.65,55.5,62.5,356.318,5,0
16164,6262728691,391330,12229.1,41.65,55.5,62.5,347.426,5,0
16174,6266646646,391176,12224.2,41.65,55.5,62.5,353.042,5,0
16184,6270574130,392122,12253.8,41.65,55.5,62.5,350.702,5,0
16194,6274496595,391636,12238.6,41.65,55.5,62.5,356.63,5,0
16204,6278418603,391575,12236.7,41.65,55.5,62.5,353.198,5,0
16214,6282340914,391644,12238.9,41.65,55.5,62.5,370.515,5,0
16224,6286264607,391770,12242.8,41.65,55.5,62.5,356.162,5,0
16234,6290184577,391348,12229.6,41.65,55.5,62.5,363.339,5,0
16244,6294102066,391175,12224.2,41.65,55.5,62.5,356.318,5,0
16254,6298018036,390978,12218.1,41.65,55.5,62.5,359.282,5,0
16264,6301934303,391009,12219,41.65,55.5,62.5,355.07,5,0
16274,6305849150,390870,12214.7,41.65,55.5,62.5,358.814,5,0
16284,6309758674,390344,12198.3,41.65,55.5,62.5,369.579,5,0
16294,6313668901,390467,12202.1,41.65,55.5,62.5,367.083,5,0
16304,6317582339,390695,12209.2,41.65,55.5,62.5,353.666,5,0
16314,6321498296,391031,12219.7,41.65,55.5,62.5,364.431,5,0
16324,6325405958,390698,12209.3,41.65,55.5,62.5,362.031,5,0
16334,6329319741,390753,12211,41.65,55.5,62.5,358.502,5,0
16344,6333235312,390957,12217.4,41.55,55.5,62.5,356.942,5,0
16354,6337144512,390303,12197,41.55,55.5,62.5,351.794,5,0
16364,6341063481,391294,12227.9,41.55,55.5,62.5,359.906,5,0
16374,6344975223,390562,12205,41.55,55.5,62.5,354.914,5,0
16384,6348892116,391092,12221.6,41.55,55.5,62.5,373.791,5,0
16394,6352807347,390900,12215.6,41.55,55.5,62.5,366.771,5,0
16404,6356725462,390607,12206.5,41.55,55.5,62.5,362.617,5,0
16414,6360633107,390148,12192.1,41.55,55.5,62.5,360.842,5,0
16424,6364550253,391104,12222,41.55,55.5,62.5,357.254,5,0
16434,6368463360,390710,12209.7,41.55,55.5,62.5,367.863,5,0
16444,6372380420,391076,12221.1,41.55,55.5,62.5,363.963,5,0
16454,6376291001,390498,12203.1,41.55,55.5,62.5,367.551,5,0
16464,6380199897,390228,12194.6,41.55,55.5,62.5,366.459,5,0
16474,6384112044,390600,12206.3,41.55,55.5,62.5,358.814,5,0
16484,6388025418,390748,12210.9,41.55,55.5,62.5,361.934,5,0
16494,6391936707,390496,12203,41.55,55.5,62.5,356.942,5,0
16504,6395858242,390942,12216.9,41.55,55.5,62.5,355.452,5,0
16514,6399774888,391076,12221.1,41.55,55.5,62.5,354.602,5,0
16524,6403687690,390669,12208.4,41.55,55.5,62.5,357.878,5,0
16534,6407597281,390371,12199.1,41.55,55.5,62.5,355.226,5,0
16544,6411511690,390790,12212.2,41.55,55.5,62.5,364.587,5,0
16554,6415428904,391113,12222.3,41.55,55.5,62.5,359.594,5,0
16564,6419345897,391083,12221.3,41.55,55.5,62.5,364.899,5,0
16574,6423256697,390461,12201.9,41.55,55.5,62.5,369.267,5,0
16584,6427171008,390817,12213,41.55,55.5,62.5,357.566,5,0
16594,6431087428,391057,12220.5,41.55,55.5,62.5,355.85,5,0
16605,6435004972,391118,12222.5,41.55,55.5,62.5,367.395,5,0
16615,6438920841,391002,12218.8,41.55,55.5,62.5,354.446,5,0
16625,6442834839,390771,12211.6,41.55,55.5,62.5,361.466,5,0
16635,6446752481,391172,12224.1,41.55,55.5,62.5,343.994,5,0
16645,6450668319,390968,12217.8,41.55,55.5,62.5,357.41,5,0
16655,6454583149,390869,12214.6,41.55,55.5,62.5,356.318,5,0
16665,6458498434,390897,12215.5,41.55,55.5,62.5,353.822,5,0
16675,6462415216,391093,12221.6,41.55,55.5,62.5,362.09,5,0
16685,6466326853,390533,12204.1,41.55,55.5,62.5,360.374,5,0
16695,6470239270,390660,12208.1,41.55,55.5,62.5,361.31,5,0
16705,6474152654,390723,12210.1,41.55,55.5,62.5,362.246,5,0
16715,6478066025,390732,12210.4,41.55,55.5,62.5,353.666,5,0
16725,6481979001,390689,12209,41.55,55.5,62.5,363.651,5,0
16735,6485890500,390531,12204.1,41.55,55.5,62.5,351.326,5,0
16745,6489802191,390556,12204.9,41.55,55.5,62.5,363.339,5,0
16755,6493715913,390747,12210.8,41.55,55.5,62.5,358.502,5,0
16765,6497628417,390656,12208,41.55,55.5,62.5,368.487,5,0
16775,6501536687,390200,12193.7,41.55,55.5,62.5,356.63,5,0
16785,6505450736,390815,12213,41.55,55.5,62.5,365.679,5,0
16795,6509362682,390590,12206,41.55,55.5,62.5,355.226,5,0
16805,6513279642,391061,12220.6,41.55,55.5,62.5,361.622,5,0
16815,6517194580,390870,12214.7,41.55,55.5,62.5,358.346,5,0
16825,6521109936,390965,12217.7,41.55,55.5,62.5,359.126,5,0
16835,6525021703,390581,12205.7,41.55,55.5,62.5,361.778,5,0
16845,6528934955,390734,12210.4,41.55,55.5,62.5,357.254,5,0
16855,6532851823,391023,12219.5,41.55,55.5,62.5,357.722,5,0
16865,6536763128,390520,12203.8,41.55,55.5,62.5,353.042,5,0
16875,6540675196,390576,12205.5,41.55,55.5,62.5,345.866,5,0
16885,6544591417,391018,12219.3,41.55,55.5,62.5,364.587,5,0
16895,6548506574,390931,12216.6,41.55,55.5,62.5,355.07,5,0
16905,6552419939,390707,12209.6,41.55,55.5,62.5,362.715,5,0
16915,6556330538,390465,12202,41.55,55.5,62.5,380.343,5,0
16925,6560245711,390896,12215.5,41.55,55.5,62.5,360.998,5,0
16935,6564160901,390944,12217,41.55,55.5,62.5,362.246,5,0
16945,6568072180,390475,12202.4,41.55,55.5,62.5,363.339,5,0
16955,6571985004,390660,12208.1,41.55,55.5,62.5,365.367,5,0
16965,6575898878,390785,12212,41.55,55.5,62.5,370.203,5,0
16975,6579814551,390980,12218.1,41.55,55.5,62.5,366.771,5,0
16985,6583726759,390584,12205.7,41.55,55.5,62.5,372.231,5,0
16995,6587636927,390420,12200.6,41.55,55.5,62.5,370.515,5,0
17005,6591551810,390907,12215.8,41.55,55.5,62.5,365.523,5,0
17015,6595463347,390506,12203.3,41.55,55.5,62.5,368.175,5,0
17025,6599374622,390535,12204.2,41.55,55.5,62.5,364.587,5,0
17035,6603291943,391131,12222.8,41.55,55.5,62.5,364.899,5,0
17045,6607209154,391092,12221.6,41.55,55.5,62.5,350.858,5,0
17055,6611128084,391283,12227.6,41.55,55.5,62.5,358.97,5,0
17065,6615052663,391856,12245.5,41.55,55.5,62.5,361.622,5,0
17075,6618969851,391112,12222.2,41.55,55.5,62.5,368.799,5,0
17085,6622895926,391963,12248.8,41.55,55.5,62.5,360.998,5,0
17095,6626819702,391784,12243.3,41.55,55.5,62.5,366.615,5,0
17105,6630739917,391409,12231.5,41.55,55.5,62.5,363.495,5,0
17115,6634665003,391911,12247.2,41.55,55.5,62.5,360.998,5,0
17125,6638590176,391877,12246.1,41.55,55.5,62.5,360.686,5,0
17135,6642503955,390770,12211.5,41.55,55.5,62.5,357.098,5,0
17145,6646419506,390961,12217.5,41.55,55.5,62.5,358.97,5,0
17155,6650333903,390825,12213.3,41.55,55.5,62.5,359.906,5,0
17165,6654251330,391134,12222.9,41.55,55.5,62.5,360.998,5,0
17175,6658167724,391051,12220.3,41.55,55.5,62.5,355.226,5,0
17185,6662086282,391204,12225.1,41.55,55.5,62.5,358.814,5,0
17195,6665999411,390756,12211.1,41.55,55.5,62.5,356.006,5,0
17205,6669916144,391037,12219.9,41.55,55.5,62.5,371.295,5,0
17215,6673831315,390878,12214.9,41.55,55.5,62.5,353.198,5,0
17225,6677747225,390999,12218.7,41.55,55.5,62.5,354.134,5,0
17235,6681659274,390602,12206.3,41.55,55.5,62.5,366.303,5,0
17246,6685576048,391037,12219.9,41.55,55.5,62.5,363.027,5,0
17256,6689495787,391389,12230.9,41.55,55.5,62.5,358.658,5,0
17266,6693422256,392023,12250.7,41.55,55.5,62.5,355.07,5,0
17276,6697346660,391823,12244.5,41.55,55.5,62.5,364.587,5,0
17286,6701265856,391312,12228.5,41.55,55.5,62.5,358.346,5,0
17296,6705186426,391430,12232.2,41.55,55.5,62.5,359.906,5,0
17306,6709108014,391573,12236.6,41.55,55.5,62.5,360.998,5,0
17316,6713026497,391231,12226,41.55,55.5,62.5,370.515,5,0
17326,6716945675,391306,12228.3,41.55,55.5,62.5,355.538,5,0
17336,6720864877,391314,12228.5,41.55,55.5,62.5,350.858,5,0
17346,6724782359,391142,12223.2,41.55,55.5,62.5,363.183,5,0
17356,6728701041,391241,12226.3,41.55,55.5,62.5,363.027,5,0
17366,6732615791,390901,12215.6,41.55,55.5,62.5,355.226,5,0
17376,6736529673,390751,12211,41.55,55.5,62.5,354.758,5,0
17386,6740444781,390871,12214.7,41.55,55.5,62.5,362.246,5,0
17396,6744365763,391494,12234.2,41.55,55.5,62.5,372.231,5,0
17406,6748283478,391154,12223.6,41.55,55.5,62.5,366.303,5,0
17416,6752203446,391421,12231.9,41.55,55.5,62.5,361.778,5,0
17426,6756122871,391324,12228.9,41.55,55.5,62.5,361.466,5,0
17436,6760041214,391208,12225.2,41.55,55.5,62.5,374.571,5,0
17446,6763958629,391134,12222.9,41.55,55.5,62.5,365.367,5,0
17456,6767882207,391763,12242.6,41.55,55.5,62.5,362.871,5,0
17466,6771798434,390980,12218.1,41.55,55.5,62.5,367.863,5,0
17476,6775717454,391324,12228.9,41.55,55.5,62.5,367.395,5,0
17486,6779635296,391156,12223.6,41.55,55.5,62.5,368.331,5,0
17496,6783554033,391265,12227,41.55,55.5,62.5,349.298,5,0
17506,6787470469,391049,12220.3,41.55,55.5,62.5,360.218,5,0
17516,6791388605,391200,12225,41.55,55.5,62.5,357.722,5,0
17526,6795309737,391524,12235.1,41.55,55.5,62.5,354.446,5,0
17536,6799228776,391259,12226.9,41.55,55.5,62.5,373.791,5,0
17546,6803148147,391330,12229,41.55,55.5,62.5,362.871,5,0
17556,6807065572,391119,12222.5,41.55,55.5,62.5,367.707,5,0
17566,6810983210,391170,12224,41.55,55.5,62.5,361.622,5,0
17576,6814900409,391124,12222.6,41.55,55.5,62.5,372.387,5,0
17586,6818821484,391471,12233.5,41.55,55.5,62.5,362.246,5,0
17596,6822739073,391158,12223.7,41.55,55.5,62.5,359.438,5,0
17606,6826660911,391543,12235.7,41.55,55.5,62.5,366.927,5,0
17616,6830579593,391287,12227.7,41.55,55.5,62.5,363.963,5,0
17626,6834497892,391209,12225.3,41.55,55.5,62.5,358.658,5,0
17636,6838419636,391569,12236.5,41.55,55.5,62.5,357.254,5,0
17646,6842339684,391414,12231.7,41.55,55.5,62.5,357.098,5,0
17656,6846260371,391430,12232.2,41.55,55.5,62.5,358.19,5,0
17666,6850176430,390990,12218.4,41.55,55.5,62.5,346.334,5,0
17676,6854090563,390811,12212.8,41.55,55.5,62.5,364.743,5,0
17686,6858006017,390933,12216.6,41.55,55.5,62.5,369.267,5,0
17696,6861922498,391082,12221.3,41.55,55.5,62.5,359.282,5,0
17706,6865840860,391189,12224.7,41.55,55.5,62.5,356.006,5,0
17716,6869759720,391292,12227.9,41.55,55.5,62.5,364.899,5,0
17726,6873676882,391091,12221.6,41.55,55.5,62.5,361.31,5,0
17736,6877591528,390826,12213.3,41.55,55.5,62.5,355.694,5,0
17746,6881513587,391620,12238.1,41.55,55.5,62.5,363.807,5,0
17756,6885430139,391045,12220.2,41.55,55.5,62.5,366.927,5,0
17766,6889349590,391351,12229.7,41.55,55.5,62.5,365.367,5,0
17776,6893265341,390924,12216.4,41.55,55.5,62.5,364.587,5,0
17786,6897181921,391083,12221.3,41.55,55.5,62.5,357.098,5,0
17796,6901098902,391056,12220.5,41.55,55.5,62.5,363.339,5,0
17806,6905017345,391238,12226.2,41.55,55.5,62.5,360.998,5,0
17816,6908941568,391805,12243.9,41.55,55.5,62.5,360.374,5,0
17826,6912863122,391553,12236,41.55,55.5,62.5,366.927,5,0
17836,6916781915,391269,12227.2,41.55,55.5,62.5,365.835,5,0
17846,6920697800,390973,12217.9,41.55,55.5,62.5,363.963,5,0
17856,6924610937,390683,12208.8,41.55,55.5,62.5,359.126,5,0
17866,6928526484,390954,12217.3,41.55,55.5,62.5,348.05,5,0
17876,6932446008,391362,12230.1,41.55,55.5,62.5,360.374,5,0
17887,6936363705,391148,12223.4,41.55,55.5,62.5,358.034,5,0
17897,6940279069,390907,12215.8,41.55,55.5,62.5,362.402,5,0
17907,6944196398,391141,12223.2,41.55,55.5,62.5,363.495,5,0
17917,6948118141,391570,12236.6,41.55,55.5,62.5,353.042,5,0
17927,6952040419,391614,12237.9,41.55,55.5,62.5,363.027,5,0
17937,6955955246,390856,12214.3,41.55,55.5,62.5,363.027,5,0
17947,6959873078,391186,12224.6,41.55,55.5,62.5,360.062,5,0
17957,6963784444,390506,12203.3,41.55,55.5,62.5,354.446,5,0
17967,6967699474,390913,12216,41.55,55.5,62.5,370.047,5,0
17977,6971608869,390403,12200.1,41.55,55.5,62.5,358.502,5,0
17987,6975519468,390960,12217.5,41.55,55.5,62.5,356.719,5,0
17997,6979434214,390926,12216.4,41.55,55.5,62.5,368.019,5,0
18007,6983347350,390671,12208.5,41.55,55.5,62.5,361.934,5,0
18017,6987263299,390972,12217.9,41.55,55.5,62.5,366.459,5,0
18027,6991174998,390653,12207.9,41.55,55.5,62.5,358.346,5,0
18037,6995082447,390634,12207.3,41.55,55.5,62.5,362.813,5,0
18047,6998994331,390595,12206.1,41.55,55.5,62.5,371.139,5,0
18057,7002903325,390297,12196.8,41.55,55.5,62.5,373.479,5,0
18067,7006816522,390686,12208.9,41.55,55.5,62.5,367.551,5,0
18077,7010731497,390913,12216,41.55,55.5,62.5,366.303,5,0
18087,7014646086,390852,12214.1,41.55,55.5,62.5,359.438,5,0
18097,7018555844,390357,12198.7,41.55,55.5,62.5,360.53,5,0
18107,7022469315,390731,12210.4,41.55,55.5,62.5,365.991,5,0
18117,7026384236,390890,12215.3,41.55,55.5,62.5,360.686,5,0
18127,7030296985,390632,12207.3,41.55,55.5,62.5,360.374,5,0
18137,7034205857,390302,12196.9,41.55,55.5,62.5,365.211,5,0
18147,7038120502,390836,12213.6,41.55,55.5,62.5,349.298,5,0
18157,7042035384,390885,12215.2,41.55,55.5,62.5,360.53,5,0
18167,7045949017,390763,12211.4,41.55,55.5,62.5,363.651,5,0
18177,7049861547,390645,12207.6,41.55,55.5,62.5,382.215,5,0
18187,7053775551,390796,12212.4,41.55,55.5,62.5,358.034,5,0
18197,7057686719,390485,12202.6,41.55,55.5,62.5,377.535,5,0
18207,7061600071,390760,12211.3,41.55,55.5,62.5,370.827,5,0
18217,7065512726,390633,12207.3,41.55,55.5,62.5,369.111,5,0
18227,7069428759,390985,12218.3,41.55,55.5,62.5,349.922,5,0
18237,7073345636,391076,12221.1,41.55,55.5,62.5,359.438,5,0
18247,7077262785,391115,12222.3,41.55,55.5,62.5,369.111,5,0
18257,7081178790,391010,12219.1,41.55,55.5,62.5,368.643,5,0
18267,7085094108,390891,12215.3,41.55,55.5,62.5,355.382,5,0
18277,7088999056,389906,12184.5,41.55,55.5,62.5,355.538,5,0
18287,7092912031,390667,12208.4,41.55,55.5,62.5,366.147,5,0
18297,7096825763,390786,12212.1,41.55,55.5,62.5,342.59,5,0
18307,7100739355,390729,12210.3,41.55,55.5,62.5,357.878,5,0
18317,7104654785,390917,12216.2,41.55,55.5,62.5,364.743,5,0
18327,7108569406,390889,12215.3,41.55,55.5,62.5,351.014,5,0
18337,7112485295,390947,12217.1,41.55,55.5,62.5,367.551,5,0
18347,7116395468,390414,12200.4,41.55,55.5,62.5,353.198,5,0
18357,7120309966,390835,12213.6,41.55,55.5,62.5,361.622,5,0
18367,7124222015,390578,12205.6,41.55,55.5,62.5,355.694,5,0
18377,7128134840,390677,12208.7,41.55,55.5,62.5,352.574,5,0
18387,7132051914,391111,12222.2,41.55,55.5,62.5,370.359,5,0
18397,7135962405,390440,12201.3,41.55,55.5,62.5,366.927,5,0
18407,7139868442,389974,12186.7,41.55,55.5,62.5,360.062,5,0
18417,7143782628,390841,12213.8,41.55,55.5,62.5,367.551,5,0
18427,7147697611,390857,12214.3,41.55,55.5,62.5,380.187,5,0
18437,7151615183,391155,12223.6,41.55,55.5,62.5,358.97,5,0
18447,7155535912,391469,12233.4,41.55,55.5,62.5,357.566,5,0
18457,7159450265,390814,12212.9,41.55,55.5,62.5,365.055,5,0
18467,7163364612,390834,12213.5,41.55,55.5,62.5,361.622,5,0
18477,7167284963,391420,12231.9,41.55,55.5,62.5,360.374,5,0
18487,7171201790,391099,12221.8,41.55,55.5,62.5,351.326,5,0
18497,7175118086,390998,12218.7,41.55,55.5,62.5,357.098,5,0
18507,7179031869,390750,12210.9,41.55,55.5,62.5,364.119,5,0
18517,7182942514,390457,12201.8,41.55,55.5,62.5,351.794,5,0
18527,7186851839,390341,12198.2,41.55,55.5,62.5,351.014,5,0
18537,7190760188,390236,12194.9,41.55,55.5,62.5,359.906,5,0
18548,7194672184,390583,12205.7,41.55,55.5,62.5,349.922,5,0
18558,7198592510,390807,12212.7,41.55,55.5,62.5,351.558,5,0
18568,7202506743,390810,12212.8,41.55,55.5,62.5,354.758,5,0
18578,7206424234,391121,12222.5,41.55,55.5,62.5,360.998,5,0
18588,7210345142,391519,12235,41.55,55.5,62.5,352.886,5,0
18598,7214264814,391347,12229.6,41.55,55.5,62.5,351.638,5,0
18608,7218184401,391359,12230,41.55,55.5,62.5,352.262,5,0
18618,7222101447,391061,12220.7,41.55,55.5,62.5,350.078,5,0
18628,7226016123,390859,12214.3,41.55,55.5,62.5,357.566,5,0
18638,7229927395,390534,12204.2,41.55,55.5,62.5,364.587,5,0
18648,7233843870,391004,12218.9,41.55,55.5,62.5,357.878,5,0
18658,7237762405,391246,12226.4,41.55,55.5,62.5,355.382,5,0
18668,7241678091,390977,12218,41.55,55.5,62.5,353.822,5,0
18678,7245594690,391070,12220.9,41.55,55.5,62.5,362.871,5,0
18688,7249513137,391215,12225.5,41.55,55.5,62.5,342.902,5,0
18698,7253437273,391201,12225,41.55,55.5,62.5,365.576,5,0
18708,7257346953,390343,12198.2,41.55,55.5,62.5,354.446,5,0
18718,7261262862,390992,12218.5,41.55,55.5,62.5,364.587,5,0
18728,7265171729,390297,12196.8,41.55,55.5,62.5,353.042,5,0
18738,7269082660,390463,12202,41.55,55.5,62.5,360.686,5,0
18748,7272993424,390430,12200.9,41.55,55.5,62.5,367.395,5,0
18758,7276907411,390791,12212.2,41.55,55.5,62.5,364.587,5,0
18768,7280820276,390736,12210.5,41.55,55.5,62.5,360.998,5,0
18778,7284732558,390579,12205.6,41.55,55.5,62.5,366.771,5,0
18788,7288644175,390565,12205.2,41.55,55.5,62.5,361.934,5,0
18798,7292559485,390898,12215.6,41.55,55.5,62.5,365.835,5,0
18808,7296475716,390997,12218.7,41.55,55.5,62.5,364.431,5,0
18818,7300399407,391175,12224.2,41.55,55.5,62.5,368.224,5,0
18828,7304311412,390591,12206,41.55,55.5,62.5,363.807,5,0
18838,7308227141,390937,12216.8,41.55,55.5,62.5,359.126,5,0
18848,7312148878,391559,12236.2,41.55,55.5,62.5,365.835,5,0
18858,7316068157,391344,12229.5,41.55,55.5,62.5,358.502,5,0
18868,7319984138,390994,12218.6,41.55,55.5,62.5,364.899,5,0
18878,7323896288,390598,12206.2,41.55,55.5,62.5,358.502,5,0
18888,7327811480,390904,12215.7,41.55,55.5,62.5,370.203,5,0
18898,7331729430,391196,12224.9,41.55,55.5,62.5,354.758,5,0
18908,7335650397,391455,12233,41.55,55.5,62.5,363.807,5,0
18918,7339574479,391818,12244.3,41.55,55.5,62.5,369.111,5,0
18928,7343490573,391000,12218.7,41.55,55.5,62.5,370.515,5,0
18938,7347408833,391214,12225.4,41.55,55.5,62.5,363.495,5,0
18948,7351325212,391013,12219.2,41.55,55.5,62.5,358.502,5,0
18958,7355246543,391525,12235.2,41.55,55.5,62.5,360.842,5,0
18968,7359163787,391118,12222.4,41.55,55.5,62.5,369.111,5,0
18978,7363084734,391495,12234.2,41.55,55.5,62.5,362.559,5,0
18988,7367004149,391298,12228.1,41.55,55.5,62.5,364.275,5,0
18998,7370925853,391586,12237.1,41.55,55.5,62.5,356.942,5,0
19008,7374843656,391156,12223.6,41.55,55.5,62.5,361.778,5,0
19018,7378762328,391243,12226.3,41.55,55.5,62.5,367.083,5,0
19028,7382683683,391527,12235.2,41.55,55.5,62.5,354.29,5,0
19038,7386604426,391587,12237.1,41.55,55.5,62.5,364.587,5,0
19048,7390518526,391297,12228,41.55,55.5,62.5,370.469,5,0
19058,7394438669,391382,12230.7,41.55,55.5,62.5,371.919,5,0
19068,7398358563,391416,12231.7,41.55,55.5,62.5,356.474,5,0
19078,7402277465,391284,12227.6,41.55,55.5,62.5,375.039,5,0
19088,7406193706,390977,12218,41.55,55.5,62.5,356.942,5,0
19098,7410117598,391779,12243.1,41.55,55.5,62.5,367.395,5,0
19108,7414034917,391126,12222.7,41.55,55.5,62.5,364.587,5,0
19118,7417951786,391096,12221.8,41.55,55.5,62.5,365.211,5,0
19128,7421865126,390724,12210.1,41.55,55.5,62.5,362.871,5,0
19138,7425788613,391725,12241.4,41.55,55.5,62.5,362.559,5,0
19148,7429711471,391707,12240.9,41.55,55.5,62.5,357.878,5,0
19158,7433633158,391518,12234.9,41.55,55.5,62.5,363.183,5,0
19169,7437550813,391145,12223.3,41.55,55.5,62.5,364.119,5,0
19179,7441464618,390779,12211.9,41.55,55.5,62.5,371.919,5,0
19189,7445379331,390873,12214.8,41.55,55.5,62.5,357.566,5,0
19199,7449290489,391028,12219.6,41.55,55.5,62.5,363.906,5,0
19209,7453208426,391251,12226.6,41.55,55.5,62.5,350.546,5,0
19219,7457125490,391099,12221.8,41.55,55.5,62.5,357.098,5,0
19229,7461045181,391349,12229.7,41.55,55.5,62.5,374.415,5,0
19239,7464966267,391525,12235.2,41.55,55.5,62.5,365.211,5,0
19249,7468883482,391108,12222.1,41.55,55.5,62.5,365.211,5,0
19259,7472800862,391115,12222.4,41.55,55.5,62.5,363.651,5,0
19269,7476719588,391313,12228.5,41.55,55.5,62.5,366.927,5,0
19279,7480639196,391314,12228.6,41.55,55.5,62.5,368.019,5,0
19289,7484553446,390765,12211.4,41.55,55.5,62.5,363.651,5,0
19299,7488471953,391260,12226.9,41.55,55.5,62.5,374.571,5,0
19309,7492394244,391629,12238.4,41.55,55.5,62.5,346.022,5,0
19319,7496308160,390761,12211.3,41.55,55.5,62.5,366.459,5,0
19329,7500217880,390394,12199.8,41.55,55.5,62.5,363.027,5,0
19339,7504128453,390436,12201.1,41.55,55.5,62.5,361.622,5,0
19349,7508044482,390986,12218.3,41.55,55.5,62.5,370.047,5,0
19359,7511961251,391083,12221.3,41.55,55.5,62.5,365.367,5,0
19369,7515875776,390822,12213.2,41.55,55.5,62.5,361.622,5,0
19379,7519791713,390997,12218.7,41.55,55.5,62.5,362.871,5,0
19389,7523707248,390950,12217.2,41.55,55.5,62.5,362.559,5,0
19399,7527624248,391059,12220.6,41.55,55.5,62.5,365.078,5,0
19409,7531539542,390949,12217.1,41.55,55.5,62.5,363.627,5,0
19419,7535456425,391071,12221,41.55,55.5,62.5,363.651,5,0
19429,7539376064,391355,12229.9,41.55,55.5,62.5,361.466,5,0
19439,7543289833,390748,12210.9,41.55,55.5,62.5,367.551,5,0
19449,7547205692,391000,12218.7,41.55,55.5,62.5,368.019,5,0
19459,7551121092,390906,12215.8,41.55,55.5,62.5,358.034,5,0
19469,7555037628,391028,12219.6,41.55,55.5,62.5,359.906,5,0
19479,7558950326,390683,12208.8,41.55,55.5,62.5,351.638,5,0
19489,7562871879,391539,12235.6,41.55,55.5,62.5,363.495,5,0
19499,7566790001,391200,12225,41.55,55.5,62.5,365.211,5,0
19509,7570710539,391443,12232.6,41.55,55.5,62.5,363.495,5,0
19519,7574625983,390952,12217.2,41.55,55.5,62.5,352.886,5,0
19529,7578536209,390421,12200.7,41.55,55.5,62.5,367.707,5,0
19539,7582454160,391147,12223.3,41.55,55.5,62.5,363.183,5,0
19549,7586373831,391377,12230.5,41.55,55.5,62.5,360.554,5,0
19559,7590288983,390905,12215.8,41.55,55.5,62.5,368.307,5,0
19569,7594207904,391303,12228.2,41.55,55.5,62.5,363.027,5,0
19579,7598129536,391506,12234.5,41.55,55.5,62.5,364.119,5,0
19589,7602041494,391122,12222.6,41.55,55.5,62.5,355.312,5,0
19599,7605960907,391432,12232.3,41.55,55.5,62.5,353.51,5,0
19609,7609876214,390911,12216,41.55,55.5,62.5,356.162,5,0
19619,7613793637,391138,12223.1,41.55,55.5,62.5,367.707,5,0
19629,7617714109,391408,12231.5,41.55,55.5,62.5,362.559,5,0
19639,7621632805,391272,12227.2,41.55,55.5,62.5,371.451,5,0
19649,7625548566,390816,12213,41.55,55.5,62.5,365.367,5,0
19659,7629465868,391318,12228.7,41.55,55.5,62.5,360.53,5,0
19669,7633383155,391663,12239.5,41.55,55.5,62.5,359.844,5,0
19679,7637300252,391087,12221.5,41.55,55.5,62.5,359.282,5,0
19689,7641216586,391045,12220.2,41.55,55.5,62.5,359.906,5,0
19699,7645135825,391311,12228.5,41.55,55.5,62.5,365.835,5,0
19709,7649053558,391180,12224.4,41.55,55.5,62.5,367.551,5,0
19719,7652971302,391167,12224,41.55,55.5,62.5,365.991,5,0
19729,7656888682,391092,12221.6,41.55,55.5,62.5,371.451,5,0
19739,7660808741,391425,12232,41.55,55.5,62.5,369.423,5,0
19749,7664727513,391258,12226.8,41.55,55.5,62.5,365.211,5,0
19759,7668642369,390888,12215.3,41.55,55.5,62.5,363.339,5,0
19769,7672560821,391204,12225.1,41.55,55.5,62.5,365.679,5,0
19779,7676472411,390568,12205.3,41.55,55.5,62.5,353.51,5,0
19789,7680390446,391170,12224.1,41.55,55.5,62.5,360.062,5,0
19799,7684308033,391156,12223.6,41.55,55.5,62.5,364.275,5,0
19809,7688228885,391491,12234.1,41.55,55.5,62.5,362.402,5,0
19819,7692145322,391051,12220.3,41.55,55.5,62.5,369.267,5,0
19829,7696059259,390743,12210.7,41.55,55.5,62.5,369.267,5,0
19840,7699973525,390839,12213.7,41.55,55.5,62.5,356.162,5,0
19850,7703891164,391136,12223,41.55,55.5,62.5,356.786,5,0
19860,7707807897,391076,12221.1,41.55,55.5,62.5,355.538,5,0
19870,7711725063,391090,12221.6,41.55,55.5,62.5,370.359,5,0
19880,7715649634,391856,12245.5,41.55,55.5,62.5,372.543,5,0
19890,7719567037,391165,12223.9,41.55,55.5,62.5,349.922,5,0
19900,7723488698,391532,12235.4,41.55,55.5,62.5,356.318,5,0
19910,7727408577,391403,12231.4,41.55,55.5,62.5,365.991,5,0
19920,7731328349,391340,12229.4,41.55,55.5,62.5,343.37,5,0
19930,7735240633,390591,12206,41.55,55.5,62.5,358.502,5,0
19940,7739153035,390622,12206.9,41.55,55.5,62.5,370.827,5,0
19950,7743070822,391187,12224.6,41.55,55.5,62.5,357.722,5,0
19960,7746983303,390676,12208.6,41.55,55.5,62.5,365.835,5,0
19970,7750901091,391131,12222.8,41.55,55.5,62.5,368.643,5,0
19980,7754817039,390983,12218.2,41.55,55.5,62.5,375.039,5,0
19990,7758737175,391407,12231.5,41.55,55.5,62.5,364.899,5,0
20000,7762652983,390975,12218,41.55,55.5,62.5,367.863,5,0
20010,7766572292,391320,12228.8,41.55,55.5,62.5,357.41,5,0
20020,7770489664,391121,12222.5,41.55,55.5,62.5,358.502,5,0
20030,7774412676,391708,12240.9,41.55,55.5,62.5,363.339,5,0
20040,7778330212,391123,12222.6,41.55,55.5,62.5,355.07,5,0
20050,7782249244,391289,12227.8,41.55,55.5,62.5,355.382,5,0
20060,7786162874,390756,12211.1,41.55,55.5,62.5,352.418,5,0
20070,7790079072,390987,12218.3,41.55,55.5,62.5,352.886,5,0
20080,7793989365,390437,12201.2,41.55,55.5,62.5,358.97,5,0
20090,7797905529,390988,12218.4,41.55,55.5,62.5,356.786,5,0
20100,7801822846,390533,12204.2,41.55,55.5,62.5,367.601,5,0
20110,7805747121,391812,12244.1,41.55,55.5,62.5,363.651,5,0
20120,7809673046,391966,12248.9,41.55,55.5,62.5,360.062,5,0
20130,7813595283,391632,12238.5,41.55,55.5,62.5,345.398,5,0
20140,7817516138,391470,12233.4,41.55,55.5,62.5,363.027,5,0
20150,7821442200,391983,12249.5,41.55,55.5,62.5,365.679,5,0
20160,7825367513,391913,12247.3,41.55,55.5,62.5,370.827,5,0
20170,7829295363,392177,12255.5,41.55,55.5,62.5,370.983,5,0
20180,7833219072,391775,12243,41.55,55.5,62.5,359.126,5,0
20190,7837142858,391742,12241.9,41.55,55.5,62.5,367.551,5,0
20200,7841072450,392342,12260.7,41.55,55.5,62.5,366.459,5,0
20210,7844998327,391974,12249.2,41.55,55.5,62.5,353.822,5,0
20220,7848924525,392045,12251.4,41.55,55.5,62.5,353.666,5,0
20230,7852855469,392444,12263.9,41.55,55.5,62.5,365.991,5,0
20240,7856780890,391962,12248.8,41.55,55.5,62.5,364.743,5,0
20250,7860707536,392039,12251.2,41.55,55.5,62.5,347.114,5,0
20260,7864635213,392162,12255.1,41.55,55.5,62.5,356.318,5,0
20270,7868558262,391705,12240.8,41.55,55.5,62.5,364.743,5,0
20280,7872482682,391810,12244,41.55,55.5,62.5,358.97,5,0
20290,7876405328,391666,12239.6,41.55,55.5,62.5,362.246,5,0
20300,7880327504,391575,12236.7,41.55,55.5,62.5,362.246,5,0
20310,7884248027,391446,12232.7,41.55,55.5,62.5,357.722,5,0
20320,7888168996,391503,12234.5,41.55,55.5,62.5,357.098,5,0
20330,7892097948,392277,12258.7,41.55,55.5,62.5,353.198,5,0
20340,7896022094,391839,12245,41.55,55.5,62.5,361.934,5,0
20350,7899948115,391948,12248.4,41.55,55.5,62.5,359.126,5,0
20360,7903874529,392039,12251.2,41.55,55.5,62.5,358.034,5,0
20370,7907800460,391982,12249.4,41.55,55.5,62.5,363.651,5,0
20380,7911721217,391440,12232.5,41.55,55.5,62.5,353.354,5,0
20390,7915643947,391698,12240.5,41.55,55.5,62.5,361.154,5,0
20400,7919566266,391588,12237.1,41.55,55.5,62.5,365.679,5,0
20410,7923483238,391124,12222.6,41.55,55.5,62.5,351.326,5,0
20420,7927397792,390803,12212.6,41.55,55.5,62.5,354.758,5,0
20430,7931309151,390536,12204.3,41.55,55.5,62.5,359.126,5,0
20440,7935220224,390500,12203.1,41.55,55.5,62.5,362.871,5,0
20450,7939131943,390568,12205.3,41.55,55.5,62.5,351.482,5,0
20460,7943046323,390829,12213.4,41.55,55.5,62.5,361.466,5,0
20471,7946957476,390515,12203.6,41.55,55.5,62.5,358.814,5,0
20481,7950868902,390523,12203.9,41.55,55.5,62.5,360.686,5,0
20491,7954784722,390952,12217.2,41.55,55.5,62.5,358.346,5,0
20501,7958699225,390869,12214.7,41.55,55.5,62.5,356.006,5,0
20511,7962617174,391186,12224.6,41.55,55.5,62.5,360.842,5,0
20521,7966537043,391353,12229.8,41.55,55.5,62.5,360.218,5,0
20531,7970454465,391149,12223.4,41.55,55.5,62.5,359.282,5,0
20541,7974374516,391368,12230.3,41.55,55.5,62.5,364.743,5,0
20551,7978288465,390840,12213.8,41.55,55.5,62.5,355.538,5,0
20561,7982202237,391318,12228.7,41.55,55.5,62.5,363.438,5,0
20571,7986118282,391048,12220.3,41.55,55.5,62.5,370.983,5,0
20581,7990034653,390988,12218.4,41.55,55.5,62.5,369.579,5,0
20591,7993951819,391122,12222.6,41.55,55.5,62.5,375.975,5,0
20601,7997866580,391420,12231.9,41.55,55.5,62.5,362.969,5,0
20611,8001787717,391523,12235.1,41.55,55.5,62.5,374.259,5,0
20621,8005706932,391332,12229.1,41.55,55.5,62.5,356.006,5,0
20631,8009626928,391458,12233.1,41.55,55.5,62.5,367.239,5,0
20641,8013540962,391347,12229.6,41.55,55.5,62.5,365.469,5,0
20651,8017455922,390866,12214.6,41.55,55.5,62.5,362.715,5,0
20661,8021368606,390679,12208.7,41.55,55.5,62.5,360.062,5,0
20671,8025281623,390670,12208.4,41.55,55.5,62.5,359.594,5,0
20681,8029192963,390522,12203.8,41.55,55.5,62.5,360.53,5,0
20691,8033102960,390381,12199.4,41.55,55.5,62.5,355.85,5,0
20701,8037017931,390883,12215.1,41.55,55.5,62.5,350.702,5,0
20711,8040931778,390771,12211.6,41.55,55.5,62.5,343.682,5,0
20721,8044841202,390351,12198.5,41.55,55.5,62.5,355.382,5,0
20731,8048749841,390278,12196.2,41.55,55.5,62.5,367.707,5,0
20741,8052664539,390819,12213.1,41.55,55.5,62.5,355.07,5,0
20751,8056583064,391275,12227.3,41.55,55.5,62.5,358.814,5,0
20761,8060496100,390688,12209,41.55,55.5,62.5,351.326,5,0
20771,8064411154,390888,12215.3,41.55,55.5,62.5,362.246,5,0
20781,8068331991,391457,12233,41.55,55.5,62.5,355.382,5,0
20791,8072247313,390920,12216.3,41.55,55.5,62.5,360.062,5,0
20801,8076160432,390755,12211.1,41.55,55.5,62.5,362.559,5,0
20811,8080067186,390016,12188,41.55,55.5,62.5,359.126,5,0
20821,8083979575,390648,12207.8,41.55,55.5,62.5,351.326,5,0
20831,8087896907,391094,12221.7,41.55,55.5,62.5,375.663,5,0
20841,8091812158,390938,12216.8,41.55,55.5,62.5,360.374,5,0
20851,8095728699,391021,12219.4,41.55,55.5,62.5,361.466,5,0
20861,8099644435,390984,12218.2,41.55,55.5,62.5,352.574,5,0
20871,8103553659,390360,12198.8,41.55,55.5,62.5,358.19,5,0
20881,8107455649,390129,12191.5,41.55,55.5,62.5,356.406,5,0
20891,8111369763,390825,12213.3,41.55,55.5,62.5,371.607,5,0
20901,8115281160,390539,12204.4,41.55,55.5,62.5,356.474,5,0
20911,8119192878,390546,12204.5,41.55,55.5,62.5,352.574,5,0
20921,8123105228,390619,12206.8,41.55,55.5,62.5,365.055,5,0
20931,8127019882,390865,12214.5,41.55,55.5,62.5,362.09,5,0
20941,8130931828,390569,12205.3,41.55,55.5,62.5,365.523,5,0
20951,8134846131,390818,12213.1,41.55,55.5,62.5,363.495,5,0
20961,8138757597,390582,12205.7,41.55,55.5,62.5,357.41,5,0
20971,8142661507,389734,12179.2,41.55,55.5,62.5,364.119,5,0
20981,8146568660,390133,12191.6,41.55,55.5,62.5,362.871,5,0
20991,8150478688,390368,12199,41.55,55.5,62.5,343.994,5,0
21001,8154389817,390518,12203.7,41.55,55.5,62.5,358.814,5,0
21011,8158302907,390705,12209.5,41.55,55.5,62.5,358.502,5,0
21021,8162219036,391004,12218.9,41.55,55.5,62.5,363.495,5,0
21031,8166127260,390262,12195.7,41.55,55.5,62.5,358.658,5,0
21041,8170034803,390696,12209.2,41.55,55.5,62.5,367.5,5,0
21051,8173944068,390364,12198.9,41.55,55.5,62.5,355.85,5,0
21061,8177858338,390776,12211.7,41.55,55.5,62.5,362.402,5,0
21071,8181769806,390533,12204.1,41.55,55.5,62.5,360.218,5,0
21081,8185684278,390808,12212.8,41.55,55.5,62.5,353.042,5,0
21091,8189599228,390889,12215.3,41.55,55.5,62.5,364.431,5,0
21101,8193510012,390480,12202.5,41.55,55.5,62.5,365.679,5,0
21111,8197425288,390906,12215.8,41.55,55.5,62.5,359.906,5,0
21121,8201335884,390479,12202.5,41.55,55.5,62.5,373.635,5,0
21131,8205250048,390784,12212,41.55,55.5,62.5,365.211,5,0
21141,8209165678,390955,12217.3,41.55,55.5,62.5,353.978,5,0
21151,8213079095,390727,12210.2,41.55,55.5,62.5,364.119,5,0
21162,8216993855,390872,12214.7,41.55,55.5,62.5,364.587,5,0
21172,8220907498,390760,12211.3,41.55,55.5,62.5,364.275,5,0
21182,8224820649,390697,12209.3,41.55,55.5,62.5,366.303,5,0
21192,8228743026,391644,12238.9,41.55,55.5,62.5,363.339,5,0
21202,8232660730,391123,12222.6,41.55,55.5,62.5,362.871,5,0
21212,8236577783,391129,12222.8,41.55,55.5,62.5,359.594,5,0
21222,8240497005,391297,12228,41.55,55.5,62.5,359.282,5,0
21232,8244414981,391187,12224.6,41.55,55.5,62.5,362.402,5,0
21242,8248330784,390999,12218.7,41.55,55.5,62.5,357.098,5,0
21252,8252247316,391021,12219.4,41.55,55.5,62.5,353.354,5,0
21262,8256169489,391613,12237.9,41.55,55.5,62.5,358.658,5,0
21272,8260083143,390730,12210.3,41.55,55.5,62.5,358.19,5,0
21282,8263999551,391037,12219.9,41.55,55.5,62.5,354.134,5,0
21292,8267919675,391397,12231.2,41.55,55.5,62.5,368.019,5,0
21302,8271839454,391388,12230.9,41.55,55.5,62.5,367.863,5,0
21312,8275756803,391102,12221.9,41.55,55.5,62.5,368.955,5,0
21322,8279672871,390982,12218.2,41.55,55.5,62.5,360.218,5,0
21332,8283586112,390713,12209.8,41.55,55.5,62.5,366.459,5,0
21342,8287501295,390955,12217.3,41.55,55.5,62.5,365.055,5,0
21352,8291420361,391282,12227.6,41.55,55.5,62.5,362.559,5,0
21362,8295340260,391372,12230.4,41.55,55.5,62.5,357.098,5,0
21372,8299260267,391393,12231,41.55,55.5,62.5,364.587,5,0
21382,8303168305,390220,12194.4,41.55,55.5,62.5,375.351,5,0
21392,8307083618,390872,12214.7,41.55,55.5,62.5,349.922,5,0
21402,8311002584,391290,12227.8,41.55,55.5,62.5,366.303,5,0
21412,8314919690,391104,12222,41.55,55.5,62.5,361.934,5,0
21422,8318833302,390763,12211.3,41.55,55.5,62.5,364.431,5,0
21432,8322745082,390559,12205,41.55,55.5,62.5,364.587,5,0
21442,8326663720,391257,12226.8,41.55,55.5,62.5,358.346,5,0
21452,8330577132,390741,12210.7,41.55,55.5,62.5,362.559,5,0
21462,8334494990,391145,12223.3,41.55,55.5,62.5,361.622,5,0
21472,8338416549,390961,12217.5,41.55,55.5,62.5,359.034,5,0
21482,8342330278,390760,12211.2,41.55,55.5,62.5,363.495,5,0
21492,8346243174,390650,12207.8,41.55,55.5,62.5,351.95,5,0
21502,8350157913,390868,12214.6,41.55,55.5,62.5,362.871,5,0
21512,8354068476,390450,12201.6,41.55,55.5,62.5,367.239,5,0
21522,8357977448,390287,12196.5,41.55,55.5,62.5,345.086,5,0
21532,8361888928,390551,12204.7,41.55,55.5,62.5,360.218,5,0
21542,8365801804,390669,12208.4,41.55,55.5,62.5,353.198,5,0
21552,8369715772,390779,12211.8,41.55,55.5,62.5,357.878,5,0
21562,8373627584,390585,12205.8,41.55,55.5,62.5,363.495,5,0
21572,8377540458,390687,12209,41.55,55.5,62.5,367.863,5,0
21582,8381455534,390870,12214.7,41.55,55.5,62.5,363.339,5,0
21592,8385368637,390687,12209,41.55,55.5,62.5,358.034,5,0
21602,8389279953,390548,12204.6,41.55,55.5,62.5,358.658,5,0
21612,8393190750,390490,12202.8,41.55,55.5,62.5,346.334,5,0
21622,8397097311,390022,12188.2,41.55,55.5,62.5,354.29,5,0
21632,8401003209,390011,12187.8,41.55,55.5,62.5,357.722,5,0
21642,8404917888,390806,12212.7,41.55,55.5,62.5,359.906,5,0
21652,8408827909,390420,12200.6,41.55,55.5,62.5,358.346,5,0
21662,8412746842,391320,12228.8,41.55,55.5,62.5,360.218,5,0
21672,8416666162,391296,12228,41.55,55.5,62.5,349.766,5,0
21682,8420583623,391123,12222.6,41.55,55.5,62.5,360.374,5,0
21692,8424498767,390909,12215.9,41.55,55.5,62.5,363.963,5,0
21702,8428418521,391368,12230.3,41.55,55.5,62.5,363.027,5,0
21712,8432335791,391111,12222.2,41.55,55.5,62.5,371.451,5,0
21722,8436256213,391434,12232.3,41.55,55.5,62.5,366.771,5,0
21732,8440188800,392037,12251.1,41.55,55.5,62.5,347.819,5,0
21742,8444111607,391655,12239.2,41.55,55.5,62.5,354.134,5,0
21752,8448029733,391217,12225.5,41.55,55.5,62.5,357.41,5,0
21762,8451943384,390745,12210.8,41.55,55.5,62.5,361.934,5,0
21772,8455855744,390635,12207.4,41.55,55.5,62.5,362.559,5,0
21783,8459770467,390863,12214.5,41.55,55.5,62.5,357.254,5,0
21793,8463684479,390762,12211.3,41.55,55.5,62.5,364.743,5,0
21803,8467600929,391036,12219.9,41.55,55.5,62.5,352.574,5,0
21813,8471516921,391029,12219.6,41.55,55.5,62.5,367.239,5,0
21823,8475429581,390673,12208.5,41.55,55.5,62.5,358.502,5,0
21833,8479344257,390833,12213.5,41.55,55.5,62.5,360.842,5,0
21843,8483260267,390946,12217.1,41.55,55.5,62.5,366.771,5,0
21853,8487175233,390906,12215.8,41.55,55.5,62.5,364.119,5,0
21863,8491089707,390832,12213.5,41.55,55.5,62.5,360.062,5,0
21873,8495010301,391435,12232.3,41.55,55.5,62.5,356.942,5,0
21883,8498936326,392010,12250.3,41.55,55.5,62.5,365.367,5,0
21893,8502860176,391765,12242.7,41.55,55.5,62.5,370.515,5,0
21903,8506793504,392732,12272.9,41.55,55.5,62.5,364.275,5,0
21913,8510721448,392177,12255.5,41.55,55.5,62.5,356.474,5,0
21923,8514645039,391766,12242.7,41.55,55.5,62.5,370.047,5,0
21933,8518563246,391199,12225,41.55,55.5,62.5,355.538,5,0
21943,8522484787,391547,12235.8,41.55,55.5,62.5,355.382,5,0
21953,8526406932,391577,12236.8,41.55,55.5,62.5,346.958,5,0
21963,8530331628,391849,12245.3,41.55,55.5,62.5,357.098,5,0
21973,8534257819,392005,12250.2,41.55,55.5,62.5,365.367,5,0
21983,8538177725,391381,12230.7,41.55,55.5,62.5,360.218,5,0
21993,8542086863,390311,12197.2,41.55,55.5,62.5,353.822,5,0
22003,8545995217,390217,12194.3,41.55,55.5,62.5,351.95,5,0
22013,8549906138,390480,12202.5,41.55,55.5,62.5,350.546,5,0
22023,8553814365,390215,12194.2,41.55,55.5,62.5,361.31,5,0
22033,8557721435,390133,12191.7,41.55,55.5,62.5,366.615,5,0
22043,8561640813,391398,12231.2,41.55,55.5,62.5,364.275,5,0
22053,8565553762,391198,12225,41.55,55.5,62.5,344.063,5,0
22063,8569473480,391341,12229.4,41.55,55.5,62.5,368.487,5,0
22073,8573390180,391090,12221.6,41.55,55.5,62.5,364.899,5,0
22083,8577307683,391141,12223.2,41.55,55.5,62.5,356.942,5,0
22093,8581226885,391304,12228.3,41.55,55.5,62.5,357.41,5,0
22103,8585144290,391143,12223.2,41.55,55.5,62.5,364.743,5,0
22113,8589059243,390875,12214.9,41.55,55.5,62.5,363.807,5,0
22123,8592978490,391316,12228.6,41.55,55.5,62.5,367.083,5,0
22133,8596899207,391436,12232.4,41.55,55.5,62.5,363.183,5,0
22143,8600819421,391425,12232,41.55,55.5,62.5,365.055,5,0
22153,8604739510,391431,12232.2,41.55,55.5,62.5,368.799,5,0
22163,8608656617,391065,12220.8,41.55,55.5,62.5,361.466,5,0
22173,8612570980,390838,12213.7,41.55,55.5,62.5,369.423,5,0
22183,8616492275,391517,12234.9,41.55,55.5,62.5,359.438,5,0
22193,8620414169,391555,12236.1,41.55,55.5,62.5,355.07,5,0
22203,8624332205,391200,12225,41.55,55.5,62.5,365.055,5,0
22213,8628251036,391259,12226.8,41.55,55.5,62.5,349.142,5,0
22223,8632170013,391312,12228.5,41.55,55.5,62.5,360.998,5,0
22233,8636082178,390596,12206.1,41.55,55.5,62.5,361.778,5,0
22243,8640001184,391251,12226.6,41.55,55.5,62.5,358.034,5,0
22253,8643922490,391565,12236.4,41.55,55.5,62.5,352.574,5,0
22263,8647848585,392044,12251.4,41.55,55.5,62.5,363.183,5,0
22273,8651770974,391572,12236.6,41.55,55.5,62.5,348.362,5,0
22283,8655696644,391940,12248.1,41.55,55.5,62.5,358.814,5,0
22293,8659624711,392230,12257.2,41.55,55.5,62.5,362.246,5,0
22303,8663550640,391970,12249.1,41.55,55.5,62.5,354.758,5,0
22313,8667474714,391801,12243.8,41.55,55.5,62.5,365.523,5,0
22323,8671400766,391982,12249.4,41.55,55.5,62.5,357.722,5,0
22333,8675325426,391830,12244.7,41.55,55.5,62.5,368.331,5,0
22343,8679248614,391710,12240.9,41.55,55.5,62.5,357.722,5,0
22353,8683173119,391871,12246,41.55,55.5,62.5,353.198,5,0
22363,8687097503,391839,12245,41.55,55.5,62.5,352.574,5,0
22373,8691024094,392028,12250.9,41.55,55.5,62.5,355.694,5,0
22383,8694950501,392010,12250.3,41.55,55.5,62.5,353.354,5,0
22393,8698878822,392223,12257,41.55,55.5,62.5,356.942,5,0
22403,8702802260,391718,12241.2,41.55,55.5,62.5,371.139,5,0
22413,8706730557,392237,12257.4,41.55,55.5,62.5,367.239,5,0
22423,8710654828,391800,12243.8,41.55,55.5,62.5,361.934,5,0
22434,8714581700,392099,12253.1,41.55,55.5,62.5,352.418,5,0
22444,8718507685,391957,12248.7,41.55,55.5,62.5,352.574,5,0
22454,8722430612,391692,12240.4,41.55,55.5,62.5,352.262,5,0
22464,8726343477,390691,12209.1,41.55,55.5,62.5,356.162,5,0
22474,8730251571,390204,12193.9,41.55,55.5,62.5,357.722,5,0
22484,8734167161,391011,12219.1,41.55,55.5,62.5,361.31,5,0
22494,8738082170,391409,12231.5,41.55,55.5,62.5,372.812,5,0
22504,8741997798,390992,12218.5,41.55,55.5,62.5,374.415,5,0
22514,8745915557,391141,12223.1,41.55,55.5,62.5,372.855,5,0
22524,8749833999,391292,12227.9,41.55,55.5,62.5,367.083,5,0
22534,8753741865,390717,12209.9,41.55,55.5,62.5,364.375,5,0
22544,8757664080,391625,12238.3,41.55,55.5,62.5,354.29,5,0
22554,8761583402,391320,12228.7,41.55,55.5,62.5,362.402,5,0
22564,8765499352,390966,12217.7,41.55,55.5,62.5,362.402,5,0
22574,8769423832,391860,12245.6,41.55,55.5,62.5,354.914,5,0
22584,8773341944,391198,12224.9,41.55,55.5,62.5,358.658,5,0
22594,8777262512,391427,12232.1,41.55,55.5,62.5,348.986,5,0
22604,8781180207,391160,12223.8,41.55,55.5,62.5,369.579,5,0
22614,8785100285,391441,12232.5,41.55,55.5,62.5,357.722,5,0
22624,8789022106,391549,12235.9,41.55,55.5,62.5,354.446,5,0
22634,8792938633,391013,12219.1,41.55,55.5,62.5,364.587,5,0
22644,8796859648,391505,12234.5,41.55,55.5,62.5,370.515,5,0
22654,8800773720,390790,12212.2,41.55,55.5,62.5,357.254,5,0
22664,8804688927,390903,12215.7,41.55,55.5,62.5,354.446,5,0
22674,8808602867,390774,12211.7,41.55,55.5,62.5,374.103,5,0
22684,8812514186,390567,12205.2,41.55,55.5,62.5,359.75,5,0
22694,8816428434,390805,12212.6,41.55,55.5,62.5,359.594,5,0
22704,8820339015,390437,12201.2,41.55,55.5,62.5,359.75,5,0
22714,8824246992,390190,12193.4,41.55,55.5,62.5,362.871,5,0
22724,8828166621,391336,12229.2,41.55,55.5,62.5,366.615,5,0
22734,8832085613,391307,12228.3,41.55,55.5,62.5,361.622,5,0
22744,8836001739,390997,12218.6,41.55,55.5,62.5,361.622,5,0
22754,8839928970,392102,12253.2,41.55,55.5,62.5,369.111,5,0
22764,8843854832,391967,12249,41.55,55.5,62.5,352.574,5,0
22774,8847773145,391250,12226.6,41.55,55.5,62.5,353.822,5,0
22784,8851694992,391573,12236.6,41.55,55.5,62.5,366.303,5,0
22794,8855616061,391462,12233.2,41.55,55.5,62.5,352.73,5,0
22804,8859537398,391545,12235.8,41.55,55.5,62.5,355.694,5,0
22814,8863459639,391589,12237.2,41.55,55.5,62.5,348.674,5,0
22824,8867376620,391104,12222,41.55,55.5,62.5,363.027,5,0
22834,8871291831,390921,12216.3,41.55,55.5,62.5,368.019,5,0
22844,8875212635,391466,12233.3,41.55,55.5,62.5,366.927,5,0
22854,8879137622,391864,12245.8,41.55,55.5,62.5,354.134,5,0
22864,8883060544,391673,12239.8,41.55,55.5,62.5,359.126,5,0
22874,8886978613,391229,12225.9,41.55,55.5,62.5,365.367,5,0
22884,8890896730,391224,12225.7,41.55,55.5,62.5,363.339,5,0
22894,8894818019,391478,12233.7,41.55,55.5,62.5,369.735,5,0
22904,8898733613,391015,12219.2,41.55,55.5,62.5,353.042,5,0
22914,8902650215,391585,12237,41.55,55.5,62.5,363.906,5,0
22924,8906575218,391892,12246.6,41.55,55.5,62.5,348.674,5,0
22934,8910481331,390024,12188.2,41.55,55.5,62.5,368.487,5,0
22944,8914400949,391332,12229.1,41.55,55.5,62.5,360.686,5,0
22954,8918321158,391391,12231,41.55,55.5,62.5,366.303,5,0
22964,8922242057,391502,12234.4,41.55,55.5,62.5,360.218,5,0
22974,8926159561,391154,12223.6,41.55,55.5,62.5,351.326,5,0
22984,8930079254,391329,12229,41.55,55.5,62.5,358.346,5,0
22994,8933999643,391420,12231.9,41.55,55.5,62.5,356.162,5,0
23004,8937923392,391773,12242.9,41.55,55.5,62.5,360.374,5,0
23014,8941844012,391465,12233.3,41.55,55.5,62.5,369.111,5,0
23024,8945766046,391568,12236.5,41.55,55.5,62.5,365.835,5,0
23034,8949688867,391667,12239.6,41.55,55.5,62.5,359.75,5,0
23044,8953612740,391794,12243.6,41.55,55.5,62.5,363.027,5,0
23054,8957534908,391596,12237.4,41.55,55.5,62.5,364.275,5,0
23064,8961457338,391619,12238.1,41.55,55.5,62.5,364.119,5,0
23074,8965373172,390991,12218.5,41.55,55.5,62.5,363.495,5,0
23084,8969292801,391346,12229.5,41.55,55.5,62.5,351.326,5,0
23094,8973206193,390743,12210.7,41.55,55.5,62.5,361.934,5,0
23105,8977119879,390734,12210.4,41.55,55.5,62.5,357.41,5,0
23115,8981040906,391520,12235,41.55,55.5,62.5,360.842,5,0
23125,8984956690,390960,12217.5,41.55,55.5,62.5,349.298,5,0
23135,8988869560,390670,12208.5,41.55,55.5,62.5,355.538,5,0
23145,8992786223,391081,12221.3,41.55,55.5,62.5,349.142,5,0
23155,8996704521,391171,12224.1,41.55,55.5,62.5,368.955,5,0
23165,9000625369,391504,12234.5,41.55,55.5,62.5,362.715,5,0
23175,9004541365,390960,12217.5,41.55,55.5,62.5,363.339,5,0
23185,9008460073,391281,12227.5,41.55,55.5,62.5,368.331,5,0
23195,9012380330,391393,12231,41.55,55.5,62.5,362.871,5,0
23205,9016292763,390687,12209,41.55,55.5,62.5,353.354,5,0
23215,9020214233,391526,12235.2,41.55,55.5,62.5,369.579,5,0
23225,9024135382,391492,12234.1,41.55,55.5,62.5,366.303,5,0
23235,9028054622,391279,12227.5,41.55,55.5,62.5,359.594,5,0
23245,9031974558,391395,12231.1,41.55,55.5,62.5,356.474,5,0
23255,9035893659,391316,12228.6,41.55,55.5,62.5,367.551,5,0
23265,9039814551,391464,12233.3,41.55,55.5,62.5,363.651,5,0
23275,9043736854,391609,12237.8,41.55,55.5,62.5,359.438,5,0
23285,9047657147,391434,12232.3,41.55,55.5,62.5,358.814,5,0
23295,9051572469,390912,12216,41.55,55.5,62.5,359.906,5,0
23305,9055495272,391673,12239.8,41.55,55.5,62.5,367.863,5,0
23315,9059415596,391413,12231.7,41.55,55.5,62.5,358.502,5,0
23325,9063333278,391154,12223.6,41.55,55.5,62.5,348.986,5,0
23335,9067251662,391231,12226,41.55,55.5,62.5,364.275,5,0
23345,9071172884,391507,12234.6,41.55,55.5,62.5,360.998,5,0
23355,9075097388,391849,12245.3,41.55,55.5,62.5,374.103,5,0
23365,9079016607,391314,12228.5,41.55,55.5,62.5,357.878,5,0
23375,9082933658,391095,12221.7,41.55,55.5,62.5,354.914,5,0
23385,9086853354,391356,12229.9,41.55,55.5,62.5,371.295,5,0
23395,9090769566,390989,12218.4,41.55,55.5,62.5,364.587,5,0
23405,9094685311,390971,12217.8,41.55,55.5,62.5,360.374,5,0
23415,9098608120,391697,12240.5,41.55,55.5,62.5,364.275,5,0
23425,9102525798,391156,12223.6,41.55,55.5,62.5,365.523,5,0
23435,9106440448,390847,12214,41.55,55.5,62.5,363.183,5,0
23445,9110355835,390920,12216.3,41.55,55.5,62.5,367.395,5,0
23455,9114271588,390953,12217.3,41.55,55.5,62.5,371.919,5,0
23465,9118190770,391327,12229,41.55,55.5,62.5,376.443,5,0
23475,9122105739,390886,12215.2,41.55,55.5,62.5,354.602,5,0
23485,9126023742,391180,12224.4,41.55,55.5,62.5,365.055,5,0
23495,9129932014,390220,12194.4,41.55,55.5,62.5,358.502,5,0
23505,9133848473,391048,12220.2,41.55,55.5,62.5,363.963,5,0
23515,9137759756,390504,12203.2,41.55,55.5,62.5,358.97,5,0
23525,9141674647,390871,12214.7,41.55,55.5,62.5,364.899,5,0
23535,9145583851,390327,12197.7,41.55,55.5,62.5,368.019,5,0
23545,9149493382,390357,12198.7,41.55,55.5,62.5,367.707,5,0
23555,9153403331,390373,12199.2,41.55,55.5,62.5,355.85,5,0
23565,9157318442,390899,12215.6,41.55,55.5,62.5,360.374,5,0
23575,9161234798,390999,12218.7,41.55,55.5,62.5,354.29,5,0
23585,9165151219,391046,12220.2,41.55,55.5,62.5,359.906,5,0
23595,9169064307,390729,12210.3,41.55,55.5,62.5,358.658,5,0
23605,9172984780,391415,12231.7,41.55,55.5,62.5,348.986,5,0
23615,9176901210,391083,12221.3,41.55,55.5,62.5,357.254,5,0
23625,9180810599,390872,12214.8,41.55,55.5,62.5,357.344,5,0
23635,9184727864,391142,12223.2,41.55,55.5,62.5,361.466,5,0
23645,9188650307,391616,12238,41.55,55.5,62.5,358.19,5,0
23655,9192566628,391016,12219.3,41.55,55.5,62.5,370.827,5,0
23665,9196479786,390697,12209.3,41.55,55.5,62.5,365.055,5,0
23675,9200393033,390732,12210.4,41.55,55.5,62.5,360.218,5,0
23685,9204306846,390777,12211.8,41.55,55.5,62.5,370.515,5,0
23695,9208218894,390586,12205.8,41.55,55.5,62.5,357.878,5,0
23705,9212126258,390124,12191.4,41.55,55.5,62.5,363.339,5,0
23715,9216040924,390831,12213.5,41.55,55.5,62.5,361.466,5,0
23725,9219956172,390946,12217.1,41.55,55.5,62.5,364.119,5,0
23735,9223865342,390292,12196.6,41.55,55.5,62.5,362.246,5,0
23745,9227780811,390931,12216.6,41.55,55.5,62.5,366.771,5,0
23756,9231694996,390821,12213.2,41.55,55.5,62.5,351.014,5,0
23766,9235606330,390533,12204.2,41.55,55.5,62.5,359.126,5,0
23776,9239522200,390951,12217.2,41.55,55.5,62.5,370.203,5,0
23786,9243434384,390601,12206.3,41.55,55.5,62.5,360.218,5,0
23796,9247343808,390409,12200.3,41.55,55.5,62.5,354.446,5,0
23806,9251255345,391078,12221.2,41.55,55.5,62.5,364.219,5,0
23816,9255164550,390319,12197.5,41.55,55.5,62.5,355.538,5,0
23826,9259075232,390480,12202.5,41.55,55.5,62.5,365.523,5,0
23836,9262984119,390260,12195.6,41.55,55.5,62.5,355.694,5,0
23846,9266892748,390244,12195.1,41.55,55.5,62.5,355.226,5,0
23856,9270800026,390143,12192,41.55,55.5,62.5,361.934,5,0
23866,9274715209,390891,12215.3,41.55,55.5,62.5,363.651,5,0
23876,9278631984,391082,12221.3,41.55,55.5,62.5,353.978,5,0
23886,9282547214,390919,12216.2,41.55,55.5,62.5,361.154,5,0
23896,9286461154,390745,12210.8,41.55,55.5,62.5,364.119,5,0
23906,9290376102,390900,12215.6,41.55,55.5,62.5,366.459,5,0
23916,9294292135,391001,12218.8,41.55,55.5,62.5,357.098,5,0
23926,9298209837,391171,12224.1,41.55,55.5,62.5,345.554,5,0
23936,9302119713,390363,12198.9,41.55,55.5,62.5,370.359,5,0
23946,9306032730,390695,12209.2,41.55,55.5,62.5,370.983,5,0
23956,9309948904,390991,12218.5,41.55,55.5,62.5,356.942,5,0
23966,9313861927,390706,12209.6,41.55,55.5,62.5,360.374,5,0
23976,9317771385,390312,12197.2,41.55,55.5,62.5,352.418,5,0
23986,9321686759,390930,12216.6,41.55,55.5,62.5,360.53,5,0
23996,9325597387,390473,12202.3,41.55,55.5,62.5,369.267,5,0
24006,9329504578,390136,12191.7,41.55,55.5,62.5,369.735,5,0
24016,9333419870,390888,12215.2,41.55,55.5,62.5,369.267,5,0
24026,9337332991,390701,12209.4,41.55,55.5,62.5,365.991,5,0
24036,9341240634,390170,12192.8,41.55,55.5,62.5,356.318,5,0
24046,9345158327,391143,12223.2,41.55,55.5,62.5,361.466,5,0
24056,9349072904,390828,12213.4,41.55,55.5,62.5,357.566,5,0
24066,9352980683,390179,12193.1,41.55,55.5,62.5,365.367,5,0
24076,9356889502,390284,12196.4,41.55,55.5,62.5,364.743,5,0
24086,9360795717,390001,12187.5,41.55,55.5,62.5,356.786,5,0
24096,9364693194,389127,12160.2,41.55,55.5,62.5,356.786,5,0
24106,9368590449,389156,12161.1,41.55,55.5,62.5,354.134,5,0
24116,9372490558,389370,12167.8,41.55,55.5,62.5,351.482,5,0
24126,9376384842,388823,12150.7,41.55,55.5,62.5,352.262,5,0
24136,9380146799,375727,11741.5,41.55,55.5,62.5,355.538,5,0
24146,9383952142,380431,11888.5,41.55,55.5,62.5,354.062,5,0
24156,9387870141,391202,12225.1,41.55,55.5,62.5,357.722,5,0
24166,9391793713,391742,12241.9,41.55,55.5,62.5,364.275,5,0
24176,9395716538,391698,12240.6,41.55,55.5,62.5,360.686,5,0
24186,9399639800,391680,12240,41.55,55.5,62.5,360.686,5,0
24196,9403564497,391875,12246.1,41.55,55.5,62.5,352.418,5,0
24206,9407490585,391952,12248.5,41.55,55.5,62.5,368.955,5,0
24216,9411403477,390686,12208.9,41.55,55.5,62.5,368.643,5,0
24226,9415317873,390841,12213.8,41.55,55.5,62.5,369.579,5,0
24236,9419233225,390932,12216.6,41.55,55.5,62.5,365.055,5,0
24246,9423143029,390347,12198.3,41.55,55.5,62.5,359.282,5,0
24256,9427055734,390679,12208.7,41.55,55.5,62.5,359.594,5,0
24266,9430965887,390423,12200.7,41.55,55.5,62.5,363.495,5,0
24276,9434878867,390676,12208.6,41.55,55.5,62.5,365.991,5,0
24286,9438790786,390571,12205.3,41.55,55.5,62.5,368.019,5,0
24296,9442702766,390589,12205.9,41.55,55.5,62.5,362.559,5,0
24306,9446612810,390380,12199.4,41.55,55.5,62.5,367.083,5,0
24316,9450525088,390631,12207.2,41.55,55.5,62.5,364.431,5,0
24326,9454433974,390280,12196.3,41.55,55.5,62.5,373.011,5,0
24336,9458340422,390071,12189.7,41.55,55.5,62.5,355.07,5,0
24346,9462252435,390567,12205.2,41.55,55.5,62.5,359.75,5,0
24356,9466162172,390347,12198.3,41.55,55.5,62.5,361.31,5,0
24366,9470068891,390067,12189.6,41.55,55.5,62.5,359.594,5,0
24376,9473978718,390356,12198.6,41.55,55.5,62.5,352.886,5,0
24386,9477898270,391371,12230.3,41.55,55.5,62.5,369.111,5,0
24396,9481812856,390844,12213.9,41.55,55.5,62.5,357.566,5,0
24406,9485727876,390867,12214.6,41.55,55.5,62.5,353.822,5,0
24417,9489642199,390821,12213.2,41.55,55.5,62.5,350.078,5,0
24427,9493557341,390901,12215.7,41.55,55.5,62.5,366.303,5,0
24437,9497475788,391257,12226.8,41.55,55.5,62.5,345.086,5,0
24447,9501391285,390935,12216.7,41.55,55.5,62.5,358.97,5,0
24457,9505309742,391244,12226.4,41.55,55.5,62.5,348.986,5,0
24467,9509230730,391469,12233.4,41.55,55.5,62.5,347.27,5,0
24477,9513146479,390986,12218.3,41.55,55.5,62.5,364.275,5,0
24487,9517067712,391511,12234.7,41.55,55.5,62.5,355.382,5,0
24497,9520987541,391363,12230.1,41.55,55.5,62.5,359.126,5,0
24507,9524911063,391721,12241.3,41.55,55.5,62.5,359.282,5,0
24517,9528832502,391536,12235.5,41.55,55.5,62.5,358.19,5,0
24527,9532746051,390741,12210.7,41.55,55.5,62.5,363.183,5,0
24537,9536663597,391139,12223.1,41.55,55.5,62.5,355.538,5,0
24547,9540586121,391062,12220.7,41.55,55.5,62.5,357.944,5,0
24557,9544502124,390957,12217.4,41.55,55.5,62.5,352.418,5,0
24567,9548419328,391113,12222.3,41.55,55.5,62.5,375.039,5,0
24577,9552335324,391007,12219,41.55,55.5,62.5,352.574,5,0
24587,9556254738,391331,12229.1,41.55,55.5,62.5,354.29,5,0
24597,9560171616,391110,12222.2,41.55,55.5,62.5,370.359,5,0
24607,9564091901,391376,12230.5,41.55,55.5,62.5,359.75,5,0
24617,9568010878,391247,12226.5,41.55,55.5,62.5,346.958,5,0
24627,9571929097,391261,12226.9,41.55,55.5,62.5,355.538,5,0
24637,9575845482,391007,12219,41.55,55.5,62.5,358.346,5,0
24647,9579757166,390557,12204.9,41.55,55.5,62.5,352.73,5,0
24657,9583674008,391077,12221.2,41.55,55.5,62.5,356.474,5,0
24667,9587588490,390854,12214.2,41.55,55.5,62.5,363.651,5,0
24677,9591504384,390962,12217.6,41.55,55.5,62.5,360.53,5,0
24687,9595414287,390403,12200.1,41.55,55.5,62.5,374.415,5,0
24697,9599328654,390795,12212.3,41.55,55.5,62.5,355.694,5,0
24707,9603240618,390596,12206.1,41.55,55.5,62.5,365.835,5,0
24717,9607150136,390348,12198.4,41.55,55.5,62.5,358.346,5,0
24727,9611067656,391132,12222.9,41.55,55.5,62.5,356.786,5,0
24737,9614981916,390834,12213.6,41.55,55.5,62.5,358.658,5,0
24747,9618909579,392143,12254.5,41.55,55.5,62.5,361.934,5,0
24757,9622834361,391854,12245.4,41.55,55.5,62.5,371.763,5,0
24767,9626757447,391720,12241.2,41.55,55.5,62.5,361.31,5,0
24777,9630684376,392079,12252.5,41.55,55.5,62.5,365.835,5,0
24787,9634597153,390653,12207.9,41.55,55.5,62.5,368.331,5,0
24797,9638513247,390995,12218.6,41.55,55.5,62.5,357.41,5,0
24807,9642431749,391264,12227,41.55,55.5,62.5,356.162,5,0
24817,9646350433,391222,12225.7,41.55,55.5,62.5,360.686,5,0
24827,9650271288,391492,12234.1,41.55,55.5,62.5,356.474,5,0
24837,9654192971,391571,12236.6,41.55,55.5,62.5,364.119,5,0
24847,9658112800,391342,12229.4,41.55,55.5,62.5,359.594,5,0
24857,9662032451,391351,12229.7,41.55,55.5,62.5,362.871,5,0
24867,9665954027,391555,12236.1,41.55,55.5,62.5,372.387,5,0
24877,9669868542,390865,12214.5,41.55,55.5,62.5,360.842,5,0
24887,9673786487,391152,12223.5,41.55,55.5,62.5,358.97,5,0
24897,9677701980,390957,12217.4,41.55,55.5,62.5,363.651,5,0
24907,9681621087,391298,12228.1,41.55,55.5,62.5,373.011,5,0
24917,9685536132,390897,12215.5,41.55,55.5,62.5,363.339,5,0
24927,9689450428,390806,12212.7,41.55,55.5,62.5,359.438,5,0
24937,9693364574,390824,12213.2,41.55,55.5,62.5,367.551,5,0
24947,9697279944,390910,12215.9,41.55,55.5,62.5,363.339,5,0
24957,9701192554,390654,12207.9,41.55,55.5,62.5,359.906,5,0
24967,9705107979,390975,12218,41.55,55.5,62.5,371.295,5,0
24977,9709023423,390904,12215.8,41.55,55.5,62.5,369.111,5,0
24987,9712944124,391459,12233.1,41.55,55.5,62.5,359.594,5,0
24997,9716858172,390778,12211.8,41.55,55.5,62.5,361.154,5,0
25007,9720771223,390696,12209.2,41.55,55.5,62.5,361.31,5,0
25017,9724686283,390903,12215.7,41.55,55.5,62.5,364.431,5,0
25027,9728599973,390738,12210.6,41.55,55.5,62.5,373.167,5,0
25037,9732514141,390849,12214,41.55,55.5,62.5,361.778,5,0
25048,9736430707,391017,12219.3,41.55,55.5,62.5,358.346,5,0
25058,9740343065,390617,12206.8,41.55,55.5,62.5,362.871,5,0
25068,9744254918,390600,12206.2,41.55,55.5,62.5,346.334,5,0
25078,9748174063,391282,12227.6,41.55,55.5,62.5,367.395,5,0
25088,9752096309,391016,12219.3,41.55,55.5,62.5,362.617,5,0
25098,9756012019,390962,12217.5,41.55,55.5,62.5,367.863,5,0
25108,9759928490,391028,12219.6,41.55,55.5,62.5,354.602,5,0
25118,9763844494,390976,12218,41.55,55.5,62.5,362.09,5,0
25128,9767768407,391784,12243.2,41.45,55.5,62.5,364.431,5,0
25138,9771680717,390621,12206.9,41.45,55.5,62.5,368.175,5,0
25148,9775592682,390575,12205.5,41.45,55.5,62.5,364.899,5,0
25158,9779502857,390412,12200.4,41.45,55.5,62.5,357.098,5,0
25168,9783412056,390330,12197.8,41.45,55.5,62.5,351.638,5,0
25178,9787324104,390599,12206.2,41.45,55.5,62.5,355.07,5,0
25188,9791233471,390314,12197.3,41.45,55.5,62.5,368.175,5,0
25198,9795146557,390718,12209.9,41.45,55.5,62.5,368.019,5,0
25208,9799059621,390693,12209.2,41.45,55.5,62.5,365.055,5,0
25218,9802979136,391303,12228.2,41.45,55.5,62.5,367.083,5,0
25228,9806891929,390684,12208.9,41.45,55.5,62.5,368.019,5,0
25238,9810804451,390641,12207.5,41.45,55.5,62.5,364.743,5,0
25248,9814718500,390807,12212.7,41.45,55.5,62.5,358.97,5,0
25258,9818631871,390713,12209.8,41.45,55.5,62.5,368.019,5,0
25268,9822548028,390997,12218.7,41.45,55.5,62.5,351.482,5,0
25278,9826463006,390917,12216.1,41.45,55.5,62.5,359.438,5,0
25288,9830380852,391142,12223.2,41.45,55.5,62.5,361.31,5,0
25298,9834293613,390689,12209,41.45,55.5,62.5,361.31,5,0
25308,9838205975,390638,12207.4,41.45,55.5,62.5,365.211,5,0
25318,9842118746,390661,12208.2,41.45,55.5,62.5,366.147,5,0
25328,9846028422,390361,12198.8,41.45,55.5,62.5,361.622,5,0
25338,9849938522,390384,12199.5,41.45,55.5,62.5,365.991,5,0
25348,9853850310,390567,12205.2,41.45,55.5,62.5,361.31,5,0
25358,9857762043,390546,12204.6,41.45,55.5,62.5,349.142,5,0
25368,9861675528,390765,12211.4,41.45,55.5,62.5,365.367,5,0
25378,9865590193,390883,12215.1,41.45,55.5,62.5,366.927,5,0
25388,9869500597,390395,12199.8,41.45,55.5,62.5,348.05,5,0
25398,9873413274,390643,12207.6,41.45,55.5,62.5,370.359,5,0
25408,9877327697,390825,12213.3,41.45,55.5,62.5,357.878,5,0
25418,9881243762,391019,12219.4,41.45,55.5,62.5,363.963,5,0
25428,9885157183,390740,12210.6,41.45,55.5,62.5,361.778,5,0
25438,9889067050,390373,12199.2,41.45,55.5,62.5,354.602,5,0
25448,9892983351,390995,12218.6,41.45,55.5,62.5,369.267,5,0
25458,9896896400,390699,12209.3,41.45,55.5,62.5,360.062,5,0
25468,9900808144,390567,12205.2,41.45,55.5,62.5,357.878,5,0
25478,9904717653,390349,12198.4,41.45,55.5,62.5,370.827,5,0
25488,9908633172,390950,12217.2,41.45,55.5,62.5,361.934,5,0
25498,9912548499,390917,12216.2,41.45,55.5,62.5,362.402,5,0
25508,9916458694,390396,12199.9,41.45,55.5,62.5,361.466,5,0
25518,9920376731,391180,12224.4,41.45,55.5,62.5,359.126,5,0
25528,9924290070,390749,12210.9,41.45,55.5,62.5,351.17,5,0
25538,9928198650,390219,12194.4,41.45,55.5,62.5,341.81,5,0
25548,9932111101,390656,12208,41.45,55.5,62.5,365.991,5,0
25558,9936024726,390740,12210.6,41.45,55.5,62.5,357.722,5,0
25568,9939936301,390563,12205.1,41.45,55.5,62.5,356.942,5,0
25578,9943849988,390738,12210.5,41.45,55.5,62.5,353.978,5,0
25588,9947757146,390160,12192.5,41.45,55.5,62.5,366.927,5,0
25598,9951670660,390692,12209.1,41.45,55.5,62.5,351.014,5,0
25608,9955587610,391086,12221.5,41.45,55.5,62.5,351.014,5,0
25618,9959497688,390395,12199.9,41.45,55.5,62.5,356.942,5,0
25628,9963409895,390623,12207,41.45,55.5,62.5,360.998,5,0
25638,9967321001,390521,12203.8,41.45,55.5,62.5,352.106,5,0
25648,9971231183,390376,12199.3,41.45,55.5,62.5,354.134,5,0
25658,9975142886,390587,12205.8,41.45,55.5,62.5,349.61,5,0
25668,9979055839,390657,12208,41.45,55.5,62.5,348.206,5,0
25679,9982970969,390907,12215.8,41.45,55.5,62.5,366.771,5,0
25689,9986883690,390682,12208.8,41.45,55.5,62.5,349.454,5,0
25699,9990800674,391070,12220.9,41.45,55.5,62.5,353.822,5,0
25709,9994717017,391046,12220.2,41.45,55.5,62.5,359.282,5,0
25719,9998632936,390956,12217.4,41.45,55.5,62.5,359.126,5,0
25729,10002550529,391168,12224,41.45,55.5,62.5,356.006,5,0
25739,10006468530,391176,12224.2,41.45,55.5,62.5,352.262,5,0
25749,10010387208,391237,12226.2,41.45,55.5,62.5,358.034,5,0
25759,10014305305,391225,12225.8,41.45,55.5,62.5,341.966,5,0
25769,10018223304,391184,12224.5,41.45,55.5,62.5,353.354,5,0
25779,10022136097,390686,12209,41.45,55.5,62.5,358.346,5,0
25789,10026056748,391431,12232.2,41.45,55.5,62.5,355.382,5,0
25799,10029977395,391446,12232.7,41.45,55.5,62.5,361.778,5,0
25809,10033893819,391372,12230.4,41.45,55.5,62.5,355.312,5,0
25819,10037808053,391082,12221.3,41.45,55.5,62.5,359.906,5,0
25829,10041727628,391343,12229.5,41.45,55.5,62.5,356.006,5,0
25839,10045641472,390775,12211.7,41.45,55.5,62.5,360.062,5,0
25849,10049558722,391107,12222.1,41.45,55.5,62.5,366.147,5,0
25859,10053480720,391005,12218.9,41.45,55.5,62.5,364.798,5,0
25869,10057395605,390881,12215,41.45,55.5,62.5,352.574,5,0
25879,10061312681,391089,12221.5,41.45,55.5,62.5,358.034,5,0
25889,10065226397,390760,12211.3,41.45,55.5,62.5,350.078,5,0
25899,10069142534,390986,12218.3,41.45,55.5,62.5,363.339,5,0
25909,10073060658,391214,12225.4,41.45,55.5,62.5,353.822,5,0
25919,10076973287,390650,12207.8,41.45,55.5,62.5,349.922,5,0
25929,10080886683,390738,12210.6,41.45,55.5,62.5,354.758,5,0
25939,10084799234,390644,12207.6,41.45,55.5,62.5,358.346,5,0
25949,10088710807,390539,12204.3,41.45,55.5,62.5,353.51,5,0
25959,10092625863,390933,12216.7,41.45,55.5,62.5,351.482,5,0
25969,10096542808,391109,12222.2,41.45,55.5,62.5,352.418,5,0
25979,10100450669,390696,12209.3,41.45,55.5,62.5,357.969,5,0
25989,10104364205,390773,12211.7,41.45,55.5,62.5,362.559,5,0
25999,10108277141,390664,12208.3,41.45,55.5,62.5,347.738,5,0
26009,10112186256,390314,12197.3,41.45,55.5,62.5,371.139,5,0
26019,10116097905,390558,12204.9,41.45,55.5,62.5,350.858,5,0
26029,10120010898,390710,12209.7,41.45,55.5,62.5,358.814,5,0
26039,10123922607,390556,12204.9,41.45,55.5,62.5,351.17,5,0
26049,10127836756,390772,12211.6,41.45,55.5,62.5,366.459,5,0
26059,10131748337,390574,12205.4,41.45,55.5,62.5,366.771,5,0
26069,10135663464,390894,12215.4,41.45,55.5,62.5,362.246,5,0
26079,10139576424,390676,12208.6,41.45,55.5,62.5,368.643,5,0
26089,10143488702,390626,12207,41.45,55.5,62.5,356.786,5,0
26099,10147406238,390541,12204.4,41.45,55.5,62.5,355.452,5,0
26109,10151322235,390990,12218.4,41.45,55.5,62.5,358.034,5,0
26119,10155241781,391350,12229.7,41.45,55.5,62.5,359.75,5,0
26129,10159155759,390810,12212.8,41.45,55.5,62.5,363.651,5,0
26139,10163071833,390955,12217.3,41.45,55.5,62.5,361.466,5,0
26149,10166987722,391019,12219.3,41.45,55.5,62.5,357.254,5,0
26159,10170904968,391087,12221.5,41.45,55.5,62.5,355.226,5,0
26169,10174820936,390979,12218.1,41.45,55.5,62.5,369.579,5,0
26179,10178737280,391023,12219.5,41.45,55.5,62.5,351.482,5,0
26189,10182649123,390577,12205.5,41.45,55.5,62.5,369.579,5,0
26199,10186566248,391127,12222.7,41.45,55.5,62.5,354.29,5,0
26209,10190483418,391063,12220.7,41.45,55.5,62.5,360.998,5,0
26219,10194405023,391600,12237.5,41.45,55.5,62.5,358.19,5,0
26229,10198320805,390947,12217.1,41.45,55.5,62.5,357.098,5,0
26239,10202240001,391282,12227.6,41.45,55.5,62.5,356.318,5,0
26249,10206158883,391283,12227.6,41.45,55.5,62.5,354.29,5,0
26259,10210071773,390664,12208.3,41.45,55.5,62.5,353.978,5,0
26269,10213981061,390330,12197.8,41.45,55.5,62.5,361.466,5,0
26279,10217897591,391064,12220.7,41.45,55.5,62.5,361.622,5,0
26289,10221812484,390850,12214.1,41.45,55.5,62.5,356.63,5,0
26299,10225726385,390782,12211.9,41.45,55.5,62.5,365.991,5,0
26309,10229636040,390369,12199,41.45,55.5,62.5,359.906,5,0
26320,10233549816,390748,12210.9,41.45,55.5,62.5,351.482,5,0
26330,10237465446,390948,12217.1,41.45,55.5,62.5,365.211,5,0
26340,10241377965,390664,12208.3,41.45,55.5,62.5,355.538,5,0
26350,10245293184,390925,12216.4,41.45,55.5,62.5,357.41,5,0
26360,10249207755,390856,12214.3,41.45,55.5,62.5,353.51,5,0
26370,10253122728,390864,12214.5,41.45,55.5,62.5,370.047,5,0
26380,10257031295,390259,12195.6,41.45,55.5,62.5,366.927,5,0
26390,10260959818,392215,12256.7,41.45,55.5,62.5,370.983,5,0
26400,10264868652,390315,12197.4,41.45,55.5,62.5,359.282,5,0
26410,10268774866,389996,12187.4,41.45,55.5,62.5,362.871,5,0
26420,10272686988,390590,12205.9,41.45,55.5,62.5,362.246,5,0
26430,10276601503,390876,12214.9,41.45,55.5,62.5,357.098,5,0
26440,10280510943,390304,12197,41.45,55.5,62.5,359.282,5,0
26450,10284424264,390697,12209.3,41.45,55.5,62.5,369.423,5,0
26460,10288330712,390054,12189.2,41.45,55.5,62.5,363.339,5,0
26470,10292246448,391012,12219.1,41.45,55.5,62.5,348.518,5,0
26480,10296152302,390507,12203.3,41.45,55.5,62.5,364.688,5,0
26490,10300066403,390814,12212.9,41.45,55.5,62.5,364.743,5,0
26500,10303976112,390346,12198.3,41.45,55.5,62.5,361.778,5,0
26510,10307884310,390245,12195.2,41.45,55.5,62.5,363.339,5,0
26520,10311798245,390814,12212.9,41.45,55.5,62.5,356.474,5,0
26530,10315714545,390975,12218,41.45,55.5,62.5,367.239,5,0
26540,10319631730,391092,12221.6,41.45,55.5,62.5,363.807,5,0
26550,10323548104,391044,12220.1,41.45,55.5,62.5,361.466,5,0
26560,10327462892,390854,12214.2,41.45,55.5,62.5,365.055,5,0
26570,10331377013,390819,12213.1,41.45,55.5,62.5,365.367,5,0
26580,10335296761,391369,12230.3,41.45,55.5,62.5,355.85,5,0
26590,10339214428,391147,12223.3,41.45,55.5,62.5,360.998,5,0
26600,10343136727,391597,12237.4,41.45,55.5,62.5,359.906,5,0
26610,10347059601,391693,12240.4,41.45,55.5,62.5,357.566,5,0
26620,10350984570,391881,12246.3,41.45,55.5,62.5,357.722,5,0
26630,10354909298,391875,12246.1,41.45,55.5,62.5,365.211,5,0
26640,10358833262,391787,12243.4,41.45,55.5,62.5,363.339,5,0
26650,10362757010,391737,12241.8,41.45,55.5,62.5,365.835,5,0
26660,10366678758,391599,12237.5,41.45,55.5,62.5,363.339,5,0
26670,10370601409,391620,12238.1,41.45,55.5,62.5,363.651,5,0
26680,10374522407,391485,12233.9,41.45,55.5,62.5,363.027,5,0
26690,10378442673,391429,12232.2,41.45,55.5,62.5,365.679,5,0
26700,10382363220,391452,12232.9,41.45,55.5,62.5,356.942,5,0
26710,10386286455,391693,12240.4,41.45,55.5,62.5,366.771,5,0
26720,10390206629,391409,12231.5,41.45,55.5,62.5,370.203,5,0
26730,10394122356,390969,12217.8,41.45,55.5,62.5,351.95,5,0
26740,10398046724,391806,12243.9,41.45,55.5,62.5,361.934,5,0
26750,10401970703,391835,12244.8,41.45,55.5,62.5,368.643,5,0
26760,10405893754,391667,12239.6,41.45,55.5,62.5,353.978,5,0
26770,10409826012,392593,12268.5,41.45,55.5,62.5,357.566,5,0
26780,10413747397,391522,12235.1,41.45,55.5,62.5,365.991,5,0
26790,10417661745,390839,12213.7,41.45,55.5,62.5,353.198,5,0
26800,10421576867,390919,12216.2,41.45,55.5,62.5,360.062,5,0
26810,10425488027,390499,12203.1,41.45,55.5,62.5,362.715,5,0
26820,10429406885,391269,12227.2,41.45,55.5,62.5,359.75,5,0
26830,10433328069,391503,12234.5,41.45,55.5,62.5,366.615,5,0
26840,10437256198,392203,12256.4,41.45,55.5,62.5,361.466,5,0
26850,10441182710,392041,12251.3,41.45,55.5,62.5,351.17,5,0
26860,10445106384,391744,12242,41.45,55.5,62.5,350.702,5,0
26870,10449027664,391509,12234.6,41.45,55.5,62.5,358.346,5,0
26880,10452955793,392206,12256.4,41.45,55.5,62.5,360.686,5,0
26890,10456883427,392146,12254.6,41.45,55.5,62.5,364.743,5,0
26900,10460806798,391752,12242.3,41.45,55.5,62.5,351.014,5,0
26910,10464729884,391668,12239.6,41.45,55.5,62.5,361.934,5,0
26920,10468657900,392202,12256.3,41.45,55.5,62.5,366.303,5,0
26930,10472583215,391921,12247.5,41.45,55.5,62.5,356.786,5,0
26940,10476508215,391951,12248.5,41.45,55.5,62.5,361.154,5,0
26950,10480426572,391764,12242.6,41.45,55.5,62.5,358.438,5,0
26960,10484350030,391725,12241.4,41.45,55.5,62.5,355.226,5,0
26970,10488276594,392058,12251.8,41.45,55.5,62.5,362.246,5,0
26981,10492195614,391298,12228.1,41.45,55.5,62.5,356.942,5,0
26991,10496123097,392132,12254.1,41.45,55.5,62.5,364.275,5,0
27001,10500048731,391945,12248.3,41.45,55.5,62.5,356.63,5,0
27011,10503975676,392075,12252.3,41.45,55.5,62.5,353.198,5,0
27021,10507900809,391913,12247.3,41.45,55.5,62.5,361.466,5,0
27031,10511823287,391628,12238.4,41.45,55.5,62.5,357.254,5,0
27041,10515745261,391576,12236.8,41.45,55.5,62.5,354.758,5,0
27051,10519666373,391499,12234.3,41.45,55.5,62.5,362.246,5,0
27061,10523595926,392351,12261,41.45,55.5,62.5,349.766,5,0
27071,10527524050,392195,12256.1,41.45,55.5,62.5,368.331,5,0
27081,10531449689,391986,12249.5,41.45,55.5,62.5,361.778,5,0
27091,10535370628,391443,12232.6,41.45,55.5,62.5,351.326,5,0
27101,10539295326,391861,12245.7,41.45,55.5,62.5,361.622,5,0
27111,10543206490,390533,12204.1,41.45,55.5,62.5,358.97,5,0
27121,10547118398,390563,12205.1,41.45,55.5,62.5,347.738,5,0
27131,10551035600,391095,12221.7,41.45,55.5,62.5,355.226,5,0
27141,10554945643,390413,12200.4,41.45,55.5,62.5,352.886,5,0
27151,10558856925,390539,12204.3,41.45,55.5,62.5,363.183,5,0
27161,10562770348,390709,12209.6,41.45,55.5,62.5,365.835,5,0
27171,10566687298,391096,12221.7,41.45,55.5,62.5,365.211,5,0
27181,10570602258,390874,12214.8,41.45,55.5,62.5,368.331,5,0
27191,10574517560,390936,12216.8,41.45,55.5,62.5,365.055,5,0
27201,10578430664,390699,12209.4,41.45,55.5,62.5,362.559,5,0
27211,10582341537,390477,12202.4,41.45,55.5,62.5,358.814,5,0
27221,10586254112,390639,12207.5,41.45,55.5,62.5,360.53,5,0
27231,10590170049,390982,12218.2,41.45,55.5,62.5,363.183,5,0
27241,10594088421,391239,12226.2,41.45,55.5,62.5,358.814,5,0
27251,10598003728,390892,12215.4,41.45,55.5,62.5,371.295,5,0
27261,10601918650,390893,12215.4,41.45,55.5,62.5,367.395,5,0
27271,10605831492,390678,12208.7,41.45,55.5,62.5,357.254,5,0
27281,10609747456,390980,12218.1,41.45,55.5,62.5,365.367,5,0
27291,10613669572,391640,12238.7,41.45,55.5,62.5,371.607,5,0
27301,10617587091,391101,12221.9,41.45,55.5,62.5,373.947,5,0
27311,10621509418,391631,12238.5,41.45,55.5,62.5,363.495,5,0
27321,10625440768,392493,12265.4,41.45,55.5,62.5,364.587,5,0
27331,10629361928,391563,12236.3,41.45,55.5,62.5,367.863,5,0
27341,10633271891,390337,12198,41.45,55.5,62.5,363.339,5,0
27351,10637185770,390793,12212.3,41.45,55.5,62.5,365.679,5,0
27361,10641104433,391266,12227.1,41.45,55.5,62.5,366.615,5,0
27371,10645021259,391072,12221,41.45,55.5,62.5,357.098,5,0
27381,10648939969,391248,12226.5,41.45,55.5,62.5,364.899,5,0
27391,10652858686,391269,12227.2,41.45,55.5,62.5,364.743,5,0
27401,10656779625,391453,12232.9,41.45,55.5,62.5,355.694,5,0
27411,10660702141,391668,12239.6,41.45,55.5,62.5,360.062,5,0
27421,10664622695,391411,12231.6,41.45,55.5,62.5,366.927,5,0
27431,10668537068,390859,12214.3,41.45,55.5,62.5,367.707,5,0
27441,10672452172,390905,12215.8,41.45,55.5,62.5,354.134,5,0
27451,10676366190,390817,12213,41.45,55.5,62.5,357.722,5,0
27461,10680277205,391050,12220.3,41.45,55.5,62.5,356.562,5,0
27471,10684192977,390968,12217.8,41.45,55.5,62.5,347.114,5,0
27481,10688106183,390731,12210.4,41.45,55.5,62.5,362.09,5,0
27491,10692022333,390975,12218,41.45,55.5,62.5,358.814,5,0
27501,10695936567,390818,12213.1,41.45,55.5,62.5,361.778,5,0
27511,10699849906,390729,12210.3,41.45,55.5,62.5,363.651,5,0
27521,10703762767,390692,12209.1,41.45,55.5,62.5,363.651,5,0
27531,10707676730,390787,12212.1,41.45,55.5,62.5,371.607,5,0
27541,10711592550,390948,12217.1,41.45,55.5,62.5,357.722,5,0
27551,10715509359,391096,12221.7,41.45,55.5,62.5,355.538,5,0
27561,10719423987,390835,12213.6,41.45,55.5,62.5,361.934,5,0
27571,10723339241,390924,12216.4,41.45,55.5,62.5,348.518,5,0
27581,10727256334,391099,12221.8,41.45,55.5,62.5,362.559,5,0
27591,10731166932,390448,12201.5,41.45,55.5,62.5,357.566,5,0
27601,10735085688,391265,12227,41.45,55.5,62.5,359.906,5,0
27611,10739003543,391179,12224.3,41.45,55.5,62.5,361.154,5,0
27621,10742918705,390874,12214.8,41.45,55.5,62.5,367.083,5,0
27632,10746826853,390230,12194.7,41.45,55.5,62.5,363.807,5,0
27642,10750742029,390900,12215.6,41.45,55.5,62.5,358.502,5,0
27652,10754659913,391177,12224.3,41.45,55.5,62.5,361.622,5,0
27662,10758579935,390789,12212.2,41.45,55.5,62.5,363.551,5,0
27672,10762490992,390475,12202.3,41.45,55.5,62.5,363.963,5,0
27682,10766408072,391090,12221.5,41.45,55.5,62.5,367.083,5,0
27692,10770323825,390998,12218.7,41.45,55.5,62.5,361.31,5,0
27702,10774237541,390735,12210.5,41.45,55.5,62.5,354.446,5,0
27712,10778152729,390994,12218.6,41.45,55.5,62.5,356.318,5,0
27722,10782070370,391185,12224.5,41.45,55.5,62.5,368.019,5,0
27732,10785982197,390553,12204.8,41.45,55.5,62.5,364.587,5,0
27742,10789888762,390552,12204.8,41.45,55.5,62.5,361.719,5,0
27752,10793802193,390736,12210.5,41.45,55.5,62.5,356.942,5,0
27762,10797715819,390763,12211.3,41.45,55.5,62.5,360.218,5,0
27772,10801630243,390847,12214,41.45,55.5,62.5,365.835,5,0
27782,10805540380,390393,12199.8,41.45,55.5,62.5,360.062,5,0
27792,10809453330,390683,12208.8,41.45,55.5,62.5,368.019,5,0
27802,10813369934,391060,12220.6,41.45,55.5,62.5,362.559,5,0
27812,10817286875,391061,12220.7,41.45,55.5,62.5,358.658,5,0
27822,10821200606,390810,12212.8,41.45,55.5,62.5,363.339,5,0
27832,10825116872,390993,12218.5,41.45,55.5,62.5,368.175,5,0
27842,10829032632,390952,12217.3,41.45,55.5,62.5,357.254,5,0
27852,10832944827,390591,12206,41.45,55.5,62.5,353.978,5,0
27862,10836858711,390793,12212.3,41.45,55.5,62.5,368.487,5,0
27872,10840771129,390634,12207.3,41.45,55.5,62.5,366.303,5,0
27882,10844686787,390954,12217.3,41.45,55.5,62.5,358.658,5,0
27892,10848599821,390687,12209,41.45,55.5,62.5,356.474,5,0
27902,10852512497,390663,12208.2,41.45,55.5,62.5,356.162,5,0
27912,10856430384,391184,12224.5,41.45,55.5,62.5,358.97,5,0
27922,10860345156,390866,12214.6,41.45,55.5,62.5,356.474,5,0
27932,10864255595,390418,12200.6,41.45,55.5,62.5,371.607,5,0
27942,10868169433,390790,12212.2,41.45,55.5,62.5,362.09,5,0
27952,10872088699,391299,12228.1,41.45,55.5,62.5,366.927,5,0
27962,10876001564,390682,12208.8,41.45,55.5,62.5,358.97,5,0
27972,10879920706,391294,12227.9,41.45,55.5,62.5,356.318,5,0
27982,10883834023,390770,12211.6,41.45,55.5,62.5,360.53,5,0
27992,10887743472,390295,12196.7,41.45,55.5,62.5,348.518,5,0
28002,10891658106,390841,12213.8,41.45,55.5,62.5,362.715,5,0
28012,10895570135,390606,12206.4,41.45,55.5,62.5,369.579,5,0
28022,10899486874,391053,12220.4,41.45,55.5,62.5,359.438,5,0
28032,10903402064,390917,12216.1,41.45,55.5,62.5,359.282,5,0
28042,10907313620,390545,12204.5,41.45,55.5,62.5,357.098,5,0
28052,10911226420,390684,12208.9,41.45,55.5,62.5,364.431,5,0
28062,10915138953,390650,12207.8,41.45,55.5,62.5,362.09,5,0
28072,10919049377,390435,12201.1,41.45,55.5,62.5,363.495,5,0
28082,10922961689,390590,12205.9,41.45,55.5,62.5,371.451,5,0
28092,10926878268,391040,12220,41.45,55.5,62.5,352.262,5,0
28102,10930795568,391152,12223.5,41.45,55.5,62.5,353.042,5,0
28112,10934711524,390971,12217.8,41.45,55.5,62.5,359.126,5,0
28122,10938625629,390780,12211.9,41.45,55.5,62.5,364.119,5,0
28132,10942531602,390013,12187.9,41.45,55.5,62.5,370.983,5,0
28142,10946441676,390407,12200.2,41.45,55.5,62.5,378.939,5,0
28152,10950353335,390527,12204,41.45,55.5,62.5,361.622,5,0
28162,10954263808,390468,12202.1,41.45,55.5,62.5,368.799,5,0
28172,10958171752,390183,12193.2,41.45,55.5,62.5,364.431,5,0
28182,10962078317,390043,12188.9,41.45,55.5,62.5,353.354,5,0
28192,10965988579,390403,12200.1,41.45,55.5,62.5,361.154,5,0
28202,10969899679,390509,12203.4,41.45,55.5,62.5,367.863,5,0
28212,10973812303,390663,12208.2,41.45,55.5,62.5,354.758,5,0
28222,10977731673,391322,12228.8,41.45,55.5,62.5,365.211,5,0
28232,10981643097,390525,12203.9,41.45,55.5,62.5,354.602,5,0
28242,10985557286,390818,12213.1,41.45,55.5,62.5,360.53,5,0
28252,10989470336,390680,12208.7,41.45,55.5,62.5,356.63,5,0
28262,10993381655,390531,12204.1,41.45,55.5,62.5,368.487,5,0
28273,10997294787,390730,12210.3,41.45,55.5,62.5,367.707,5,0
28283,11001207517,390625,12207,41.45,55.5,62.5,361.622,5,0
28293,11005123230,390970,12217.8,41.45,55.5,62.5,350.546,5,0
28303,11009037745,390831,12213.5,41.45,55.5,62.5,368.175,5,0
28313,11012951638,390764,12211.4,41.45,55.5,62.5,366.147,5,0
28323,11016861168,390360,12198.7,41.45,55.5,62.5,368.019,5,0
28333,11020774709,390733,12210.4,41.45,55.5,62.5,358.97,5,0
28343,11024687329,390689,12209,41.45,55.5,62.5,373.011,5,0
28353,11028605149,391150,12223.4,41.45,55.5,62.5,360.062,5,0
28363,11032517558,390606,12206.4,41.45,55.5,62.5,353.978,5,0
28373,11036429141,390550,12204.7,41.45,55.5,62.5,357.566,5,0
28383,11040339331,390417,12200.5,41.45,55.5,62.5,363.651,5,0
28393,11044249888,390480,12202.5,41.45,55.5,62.5,360.998,5,0
28403,11048164067,390779,12211.9,41.45,55.5,62.5,365.835,5,0
28413,11052075430,390551,12204.7,41.45,55.5,62.5,361.622,5,0
28423,11055983443,390171,12192.8,41.45,55.5,62.5,356.318,5,0
28433,11059898080,390846,12213.9,41.45,55.5,62.5,368.487,5,0
28443,11063818056,391372,12230.4,41.45,55.5,62.5,367.239,5,0
28453,11067729049,390517,12203.7,41.45,55.5,62.5,356.942,5,0
28463,11071645946,391070,12220.9,41.45,55.5,62.5,350.39,5,0
28473,11075555153,390322,12197.5,41.45,55.5,62.5,348.986,5,0
28483,11079471917,390455,12201.7,41.45,55.5,62.5,360.748,5,0
28493,11083387380,390929,12216.5,41.45,55.5,62.5,360.062,5,0
28503,11087298937,390549,12204.6,41.45,55.5,62.5,347.894,5,0
28513,11091212181,390698,12209.3,41.45,55.5,62.5,350.702,5,0
28523,11095125778,390770,12211.5,41.45,55.5,62.5,354.914,5,0
28533,11099036217,390465,12202,41.45,55.5,62.5,369.891,5,0
28543,11102953242,391053,12220.4,41.45,55.5,62.5,358.034,5,0
28553,11106870905,391168,12224,41.45,55.5,62.5,354.446,5,0
28563,11110785831,390875,12214.8,41.45,55.5,62.5,349.61,5,0
28573,11114701219,390899,12215.6,41.45,55.5,62.5,360.218,5,0
28583,11118608593,390144,12192,41.45,55.5,62.5,350.078,5,0
28593,11122521880,390725,12210.2,41.45,55.5,62.5,354.602,5,0
28603,11126430661,390288,12196.5,41.45,55.5,62.5,370.671,5,0
28613,11130339625,390271,12196,41.45,55.5,62.5,356.942,5,0
28623,11134252543,390685,12208.9,41.45,55.5,62.5,362.09,5,0
28633,11138160281,390149,12192.2,41.45,55.5,62.5,355.694,5,0
28643,11142075005,390877,12214.9,41.45,55.5,62.5,368.643,5,0
28653,11145987173,390576,12205.5,41.45,55.5,62.5,358.658,5,0
28663,11149900022,390687,12209,41.45,55.5,62.5,357.254,5,0
28673,11153812006,390591,12206,41.45,55.5,62.5,359.282,5,0
28683,11157720209,390231,12194.7,41.45,55.5,62.5,362.246,5,0
28693,11161632750,390626,12207,41.45,55.5,62.5,356.318,5,0
28703,11165545655,390675,12208.6,41.45,55.5,62.5,353.822,5,0
28713,11169455864,390420,12200.6,41.45,55.5,62.5,366.771,5,0
28723,11173365650,390387,12199.6,41.45,55.5,62.5,352.262,5,0
28733,11177277362,390537,12204.3,41.45,55.5,62.5,357.878,5,0
28743,11181189933,390644,12207.6,41.45,55.5,62.5,358.658,5,0
28753,11185099340,390320,12197.5,41.45,55.5,62.5,361.31,5,0
28763,11189011882,390657,12208,41.45,55.5,62.5,364.275,5,0
28773,11192920907,390309,12197.1,41.45,55.5,62.5,363.027,5,0
28783,11196829350,390227,12194.6,41.45,55.5,62.5,364.743,5,0
28793,11200742000,390669,12208.4,41.45,55.5,62.5,364.119,5,0
28803,11203151983,240624,7519.51,41.45,55.5,62.5,229.724,4,0
